2025-10-03 14:27:37,306 ERROR OC fetch error 360ONE-I: name 'requests' is not defined
2025-10-03 14:27:37,308 ERROR OC fetch error ABB-I: name 'requests' is not defined
2025-10-03 14:27:37,308 ERROR OC fetch error ABCAPITAL-I: name 'requests' is not defined
2025-10-03 14:27:37,309 ERROR OC fetch error ADANIENSOL-I: name 'requests' is not defined
2025-10-03 14:27:37,310 ERROR OC fetch error ADANIENT-I: name 'requests' is not defined
2025-10-03 14:27:37,311 ERROR OC fetch error ADANIGREEN-I: name 'requests' is not defined
2025-10-03 14:27:37,311 ERROR OC fetch error ADANIPORTS-I: name 'requests' is not defined
2025-10-03 14:27:37,312 ERROR OC fetch error ALKEM-I: name 'requests' is not defined
2025-10-03 14:27:37,312 ERROR OC fetch error AMBER-I: name 'requests' is not defined
2025-10-03 14:27:37,314 ERROR OC fetch error ANGELONE-I: name 'requests' is not defined
2025-10-03 14:27:37,315 ERROR OC fetch error APOLLOHOSP-I: name 'requests' is not defined
2025-10-03 14:27:37,315 ERROR OC fetch error AMBUJACEM-I: name 'requests' is not defined
2025-10-03 14:27:37,315 ERROR OC fetch error APLAPOLLO-I: name 'requests' is not defined
2025-10-03 14:27:37,315 ERROR OC fetch error ASIANPAINT-I: name 'requests' is not defined
2025-10-03 14:27:37,316 ERROR OC fetch error ASHOKLEY-I: name 'requests' is not defined
2025-10-03 14:27:37,319 ERROR OC fetch error AUROPHARMA-I: name 'requests' is not defined
2025-10-03 14:27:37,319 ERROR OC fetch error AUBANK-I: name 'requests' is not defined
2025-10-03 14:27:37,320 ERROR OC fetch error AXISBANK-I: name 'requests' is not defined
2025-10-03 14:27:37,320 ERROR OC fetch error BAJAJFINSV-I: name 'requests' is not defined
2025-10-03 14:27:37,321 ERROR OC fetch error BAJFINANCE-I: name 'requests' is not defined
2025-10-03 14:27:37,322 ERROR OC fetch error ASTRAL-I: name 'requests' is not defined
2025-10-03 14:27:37,322 ERROR OC fetch error BANKINDIA-I: name 'requests' is not defined
2025-10-03 14:27:37,324 ERROR OC fetch error BDL-I: name 'requests' is not defined
2025-10-03 14:27:37,325 ERROR OC fetch error BHARATFORG-I: name 'requests' is not defined
2025-10-03 14:27:37,326 ERROR OC fetch error BHARTIARTL-I: name 'requests' is not defined
2025-10-03 14:27:37,327 ERROR OC fetch error BEL-I: name 'requests' is not defined
2025-10-03 14:27:37,327 ERROR OC fetch error BHEL-I: name 'requests' is not defined
2025-10-03 14:27:37,329 ERROR OC fetch error BOSCHLTD-I: name 'requests' is not defined
2025-10-03 14:27:37,329 ERROR OC fetch error BLUESTARCO-I: name 'requests' is not defined
2025-10-03 14:27:37,330 ERROR OC fetch error BIOCON-I: name 'requests' is not defined
2025-10-03 14:27:37,330 ERROR OC fetch error BPCL-I: name 'requests' is not defined
2025-10-03 14:27:37,333 ERROR OC fetch error BRITANNIA-I: name 'requests' is not defined
2025-10-03 14:27:37,333 ERROR OC fetch error CAMS-I: name 'requests' is not defined
2025-10-03 14:27:37,335 ERROR OC fetch error BSE-I: name 'requests' is not defined
2025-10-03 14:27:37,339 ERROR OC fetch error CANBK-I: name 'requests' is not defined
2025-10-03 14:27:37,340 ERROR OC fetch error CGPOWER-I: name 'requests' is not defined
2025-10-03 14:27:37,343 ERROR OC fetch error CDSL-I: name 'requests' is not defined
2025-10-03 14:27:37,343 ERROR OC fetch error COLPAL-I: name 'requests' is not defined
2025-10-03 14:27:37,344 ERROR OC fetch error CIPLA-I: name 'requests' is not defined
2025-10-03 14:27:37,345 ERROR OC fetch error COALINDIA-I: name 'requests' is not defined
2025-10-03 14:27:37,346 ERROR OC fetch error CHOLAFIN-I: name 'requests' is not defined
2025-10-03 14:27:37,348 ERROR OC fetch error COFORGE-I: name 'requests' is not defined
2025-10-03 14:27:37,348 ERROR OC fetch error CONCOR-I: name 'requests' is not defined
2025-10-03 14:27:37,349 ERROR OC fetch error CUMMINSIND-I: name 'requests' is not defined
2025-10-03 14:27:37,350 ERROR OC fetch error CROMPTON-I: name 'requests' is not defined
2025-10-03 14:27:37,355 ERROR OC fetch error CYIENT-I: name 'requests' is not defined
2025-10-03 14:27:37,356 ERROR OC fetch error DELHIVERY-I: name 'requests' is not defined
2025-10-03 14:27:37,357 ERROR OC fetch error DABUR-I: name 'requests' is not defined
2025-10-03 14:27:37,358 ERROR OC fetch error DALBHARAT-I: name 'requests' is not defined
2025-10-03 14:27:37,359 ERROR OC fetch error DLF-I: name 'requests' is not defined
2025-10-03 14:27:37,364 ERROR OC fetch error DIVISLAB-I: name 'requests' is not defined
2025-10-03 14:27:37,367 ERROR OC fetch error EICHERMOT-I: name 'requests' is not defined
2025-10-03 14:27:37,369 ERROR OC fetch error DRREDDY-I: name 'requests' is not defined
2025-10-03 14:27:37,369 ERROR OC fetch error GAIL-I: name 'requests' is not defined
2025-10-03 14:27:37,370 ERROR OC fetch error EXIDEIND-I: name 'requests' is not defined
2025-10-03 14:27:37,370 ERROR OC fetch error DMART-I: name 'requests' is not defined
2025-10-03 14:27:37,371 ERROR OC fetch error DIXON-I: name 'requests' is not defined
2025-10-03 14:27:37,371 ERROR OC fetch error FORTIS-I: name 'requests' is not defined
2025-10-03 14:27:37,375 ERROR OC fetch error GLENMARK-I: name 'requests' is not defined
2025-10-03 14:27:37,377 ERROR OC fetch error HAL-I: name 'requests' is not defined
2025-10-03 14:27:37,379 ERROR OC fetch error GODREJCP-I: name 'requests' is not defined
2025-10-03 14:27:37,381 ERROR OC fetch error GODREJPROP-I: name 'requests' is not defined
2025-10-03 14:27:37,384 ERROR OC fetch error HAVELLS-I: name 'requests' is not defined
2025-10-03 14:27:37,384 ERROR OC fetch error GRASIM-I: name 'requests' is not defined
2025-10-03 14:27:37,386 ERROR OC fetch error HDFCAMC-I: name 'requests' is not defined
2025-10-03 14:27:37,386 ERROR OC fetch error HCLTECH-I: name 'requests' is not defined
2025-10-03 14:27:37,389 ERROR OC fetch error HFCL-I: name 'requests' is not defined
2025-10-03 14:27:37,390 ERROR OC fetch error HDFCLIFE-I: name 'requests' is not defined
2025-10-03 14:27:37,391 ERROR OC fetch error HDFCBANK-I: name 'requests' is not defined
2025-10-03 14:27:37,392 ERROR OC fetch error HINDALCO-I: name 'requests' is not defined
2025-10-03 14:27:37,394 ERROR OC fetch error HINDPETRO-I: name 'requests' is not defined
2025-10-03 14:27:37,395 ERROR OC fetch error HEROMOTOCO-I: name 'requests' is not defined
2025-10-03 14:27:37,397 ERROR OC fetch error HINDZINC-I: name 'requests' is not defined
2025-10-03 14:27:37,400 ERROR OC fetch error HINDUNILVR-I: name 'requests' is not defined
2025-10-03 14:27:37,401 ERROR OC fetch error ICICIPRULI-I: name 'requests' is not defined
2025-10-03 14:27:37,402 ERROR OC fetch error ICICIGI-I: name 'requests' is not defined
2025-10-03 14:27:37,402 ERROR OC fetch error ICICIBANK-I: name 'requests' is not defined
2025-10-03 14:27:37,403 ERROR OC fetch error HUDCO-I: name 'requests' is not defined
2025-10-03 14:27:37,405 ERROR OC fetch error IEX-I: name 'requests' is not defined
2025-10-03 14:27:37,406 ERROR OC fetch error IGL-I: name 'requests' is not defined
2025-10-03 14:27:37,407 ERROR OC fetch error IIFL-I: name 'requests' is not defined
2025-10-03 14:27:37,407 ERROR OC fetch error INDHOTEL-I: name 'requests' is not defined
2025-10-03 14:27:37,408 ERROR OC fetch error INDIGO-I: name 'requests' is not defined
2025-10-03 14:27:37,408 ERROR OC fetch error INDIANB-I: name 'requests' is not defined
2025-10-03 14:27:37,410 ERROR OC fetch error INDUSINDBK-I: name 'requests' is not defined
2025-10-03 14:27:37,411 ERROR OC fetch error INDUSTOWER-I: name 'requests' is not defined
2025-10-03 14:27:37,413 ERROR OC fetch error INFY-I: name 'requests' is not defined
2025-10-03 14:27:37,416 ERROR OC fetch error IOC-I: name 'requests' is not defined
2025-10-03 14:27:37,417 ERROR OC fetch error INOXWIND-I: name 'requests' is not defined
2025-10-03 14:27:37,418 ERROR OC fetch error IRCTC-I: name 'requests' is not defined
2025-10-03 14:27:37,420 ERROR OC fetch error ITC-I: name 'requests' is not defined
2025-10-03 14:27:37,425 ERROR OC fetch error JINDALSTEL-I: name 'requests' is not defined
2025-10-03 14:27:37,427 ERROR OC fetch error IREDA-I: name 'requests' is not defined
2025-10-03 14:27:37,428 ERROR OC fetch error JSWENERGY-I: name 'requests' is not defined
2025-10-03 14:27:37,428 ERROR OC fetch error JSWSTEEL-I: name 'requests' is not defined
2025-10-03 14:27:37,432 ERROR OC fetch error JIOFIN-I: name 'requests' is not defined
2025-10-03 14:27:37,433 ERROR OC fetch error IRFC-I: name 'requests' is not defined
2025-10-03 14:27:37,434 ERROR OC fetch error KALYANKJIL-I: name 'requests' is not defined
2025-10-03 14:27:37,436 ERROR OC fetch error JUBLFOOD-I: name 'requests' is not defined
2025-10-03 14:27:37,437 ERROR OC fetch error KOTAKBANK-I: name 'requests' is not defined
2025-10-03 14:27:37,437 ERROR OC fetch error KAYNES-I: name 'requests' is not defined
2025-10-03 14:27:37,439 ERROR OC fetch error KEI-I: name 'requests' is not defined
2025-10-03 14:27:37,439 ERROR OC fetch error LICHSGFIN-I: name 'requests' is not defined
2025-10-03 14:27:37,440 ERROR OC fetch error KFINTECH-I: name 'requests' is not defined
2025-10-03 14:27:37,442 ERROR OC fetch error KPITTECH-I: name 'requests' is not defined
2025-10-03 14:27:37,443 ERROR OC fetch error LAURUSLABS-I: name 'requests' is not defined
2025-10-03 14:27:37,444 ERROR OC fetch error LODHA-I: name 'requests' is not defined
2025-10-03 14:27:37,445 ERROR OC fetch error LICI-I: name 'requests' is not defined
2025-10-03 14:27:37,445 ERROR OC fetch error LT-I: name 'requests' is not defined
2025-10-03 14:27:37,446 ERROR OC fetch error LTF-I: name 'requests' is not defined
2025-10-03 14:27:37,447 ERROR OC fetch error MANAPPURAM-I: name 'requests' is not defined
2025-10-03 14:27:37,448 ERROR OC fetch error LTIM-I: name 'requests' is not defined
2025-10-03 14:27:37,449 ERROR OC fetch error MARICO-I: name 'requests' is not defined
2025-10-03 14:27:37,449 ERROR OC fetch error LUPIN-I: name 'requests' is not defined
2025-10-03 14:27:37,451 ERROR OC fetch error M&M-I: name 'requests' is not defined
2025-10-03 14:27:37,454 ERROR OC fetch error MANKIND-I: name 'requests' is not defined
2025-10-03 14:27:37,454 ERROR OC fetch error MARUTI-I: name 'requests' is not defined
2025-10-03 14:27:37,455 ERROR OC fetch error MAZDOCK-I: name 'requests' is not defined
2025-10-03 14:27:37,456 ERROR OC fetch error MOTHERSON-I: name 'requests' is not defined
2025-10-03 14:27:37,456 ERROR OC fetch error MCX-I: name 'requests' is not defined
2025-10-03 14:27:37,459 ERROR OC fetch error NATIONALUM-I: name 'requests' is not defined
2025-10-03 14:27:37,460 ERROR OC fetch error MAXHEALTH-I: name 'requests' is not defined
2025-10-03 14:27:37,461 ERROR OC fetch error MFSL-I: name 'requests' is not defined
2025-10-03 14:27:37,463 ERROR OC fetch error MUTHOOTFIN-I: name 'requests' is not defined
2025-10-03 14:27:37,464 ERROR OC fetch error MPHASIS-I: name 'requests' is not defined
2025-10-03 14:27:37,467 ERROR OC fetch error NCC-I: name 'requests' is not defined
2025-10-03 14:27:37,467 ERROR OC fetch error NAUKRI-I: name 'requests' is not defined
2025-10-03 14:27:37,467 ERROR OC fetch error NBCC-I: name 'requests' is not defined
2025-10-03 14:27:37,469 ERROR OC fetch error NMDC-I: name 'requests' is not defined
2025-10-03 14:27:37,469 ERROR OC fetch error NTPC-I: name 'requests' is not defined
2025-10-03 14:27:37,470 ERROR OC fetch error NESTLEIND-I: name 'requests' is not defined
2025-10-03 14:27:37,471 ERROR OC fetch error NHPC-I: name 'requests' is not defined
2025-10-03 14:27:37,472 ERROR OC fetch error NUVAMA-I: name 'requests' is not defined
2025-10-03 14:27:37,474 ERROR OC fetch error NYKAA-I: name 'requests' is not defined
2025-10-03 14:27:37,476 ERROR OC fetch error OBEROIRLTY-I: name 'requests' is not defined
2025-10-03 14:27:37,477 ERROR OC fetch error OFSS-I: name 'requests' is not defined
2025-10-03 14:27:37,477 ERROR OC fetch error OIL-I: name 'requests' is not defined
2025-10-03 14:27:37,477 ERROR OC fetch error ONGC-I: name 'requests' is not defined
2025-10-03 14:27:37,478 ERROR OC fetch error PATANJALI-I: name 'requests' is not defined
2025-10-03 14:27:37,478 ERROR OC fetch error PAGEIND-I: name 'requests' is not defined
2025-10-03 14:27:37,479 ERROR OC fetch error PERSISTENT-I: name 'requests' is not defined
2025-10-03 14:27:37,479 ERROR OC fetch error PAYTM-I: name 'requests' is not defined
2025-10-03 14:27:37,481 ERROR OC fetch error PETRONET-I: name 'requests' is not defined
2025-10-03 14:27:37,482 ERROR OC fetch error PFC-I: name 'requests' is not defined
2025-10-03 14:27:37,482 ERROR OC fetch error PGEL-I: name 'requests' is not defined
2025-10-03 14:27:37,483 ERROR OC fetch error PHOENIXLTD-I: name 'requests' is not defined
2025-10-03 14:27:37,483 ERROR OC fetch error PIDILITIND-I: name 'requests' is not defined
2025-10-03 14:27:37,483 ERROR OC fetch error PIIND-I: name 'requests' is not defined
2025-10-03 14:27:37,484 ERROR OC fetch error PNBHOUSING-I: name 'requests' is not defined
2025-10-03 14:27:37,484 ERROR OC fetch error PNB-I: name 'requests' is not defined
2025-10-03 14:27:37,485 ERROR OC fetch error POLYCAB-I: name 'requests' is not defined
2025-10-03 14:27:37,485 ERROR OC fetch error POLICYBZR-I: name 'requests' is not defined
2025-10-03 14:27:37,486 ERROR OC fetch error PPLPHARMA-I: name 'requests' is not defined
2025-10-03 14:27:37,486 ERROR OC fetch error POWERGRID-I: name 'requests' is not defined
2025-10-03 14:27:37,486 ERROR OC fetch error PRESTIGE-I: name 'requests' is not defined
2025-10-03 14:27:37,487 ERROR OC fetch error RBLBANK-I: name 'requests' is not defined
2025-10-03 14:27:37,488 ERROR OC fetch error RECLTD-I: name 'requests' is not defined
2025-10-03 14:27:37,488 ERROR OC fetch error RELIANCE-I: name 'requests' is not defined
2025-10-03 14:27:37,489 ERROR OC fetch error RVNL-I: name 'requests' is not defined
2025-10-03 14:27:37,490 ERROR OC fetch error SAIL-I: name 'requests' is not defined
2025-10-03 14:27:37,493 ERROR OC fetch error SBILIFE-I: name 'requests' is not defined
2025-10-03 14:27:37,493 ERROR OC fetch error SBICARD-I: name 'requests' is not defined
2025-10-03 14:27:37,494 ERROR OC fetch error SBIN-I: name 'requests' is not defined
2025-10-03 14:27:37,494 ERROR OC fetch error SHREECEM-I: name 'requests' is not defined
2025-10-03 14:27:37,496 ERROR OC fetch error SHRIRAMFIN-I: name 'requests' is not defined
2025-10-03 14:27:37,496 ERROR OC fetch error SOLARINDS-I: name 'requests' is not defined
2025-10-03 14:27:37,496 ERROR OC fetch error SIEMENS-I: name 'requests' is not defined
2025-10-03 14:27:37,497 ERROR OC fetch error SUNPHARMA-I: name 'requests' is not defined
2025-10-03 14:27:37,498 ERROR OC fetch error SRF-I: name 'requests' is not defined
2025-10-03 14:27:37,498 ERROR OC fetch error SONACOMS-I: name 'requests' is not defined
2025-10-03 14:27:37,499 ERROR OC fetch error SUPREMEIND-I: name 'requests' is not defined
2025-10-03 14:27:37,499 ERROR OC fetch error SUZLON-I: name 'requests' is not defined
2025-10-03 14:27:37,501 ERROR OC fetch error TATACONSUM-I: name 'requests' is not defined
2025-10-03 14:27:37,501 ERROR OC fetch error SYNGENE-I: name 'requests' is not defined
2025-10-03 14:27:37,502 ERROR OC fetch error TATAMOTORS-I: name 'requests' is not defined
2025-10-03 14:27:37,503 ERROR OC fetch error TATAELXSI-I: name 'requests' is not defined
2025-10-03 14:27:37,503 ERROR OC fetch error TATAPOWER-I: name 'requests' is not defined
2025-10-03 14:27:37,504 ERROR OC fetch error TATATECH-I: name 'requests' is not defined
2025-10-03 14:27:37,504 ERROR OC fetch error TATASTEEL-I: name 'requests' is not defined
2025-10-03 14:27:37,505 ERROR OC fetch error TCS-I: name 'requests' is not defined
2025-10-03 14:27:37,507 ERROR OC fetch error TECHM-I: name 'requests' is not defined
2025-10-03 14:27:37,508 ERROR OC fetch error TIINDIA-I: name 'requests' is not defined
2025-10-03 14:27:37,508 ERROR OC fetch error TITAGARH-I: name 'requests' is not defined
2025-10-03 14:27:37,508 ERROR OC fetch error TITAN-I: name 'requests' is not defined
2025-10-03 14:27:37,509 ERROR OC fetch error TORNTPHARM-I: name 'requests' is not defined
2025-10-03 14:27:37,511 ERROR OC fetch error TORNTPOWER-I: name 'requests' is not defined
2025-10-03 14:27:37,511 ERROR OC fetch error TRENT-I: name 'requests' is not defined
2025-10-03 14:27:37,513 ERROR OC fetch error ULTRACEMCO-I: name 'requests' is not defined
2025-10-03 14:27:37,514 ERROR OC fetch error TVSMOTOR-I: name 'requests' is not defined
2025-10-03 14:27:37,515 ERROR OC fetch error UNITDSPR-I: name 'requests' is not defined
2025-10-03 14:27:37,517 ERROR OC fetch error UNOMINDA-I: name 'requests' is not defined
2025-10-03 14:27:37,517 ERROR OC fetch error UPL-I: name 'requests' is not defined
2025-10-03 14:27:37,518 ERROR OC fetch error VBL-I: name 'requests' is not defined
2025-10-03 14:27:37,518 ERROR OC fetch error VEDL-I: name 'requests' is not defined
2025-10-03 14:27:37,520 ERROR OC fetch error WIPRO-I: name 'requests' is not defined
2025-10-03 14:27:37,521 ERROR OC fetch error VOLTAS-I: name 'requests' is not defined
2025-10-03 14:27:37,521 ERROR OC fetch error ZYDUSLIFE-I: name 'requests' is not defined
2025-10-03 14:27:37,523 ERROR OC fetch error PNBHOUSING-I: name 'requests' is not defined
2025-10-03 14:28:36,578 ERROR OC fetch error 360ONE-I: name 'requests' is not defined
2025-10-03 14:28:36,579 ERROR OC fetch error ABB-I: name 'requests' is not defined
2025-10-03 14:28:36,583 ERROR OC fetch error ABCAPITAL-I: name 'requests' is not defined
2025-10-03 14:28:36,583 ERROR OC fetch error ADANIENSOL-I: name 'requests' is not defined
2025-10-03 14:28:36,585 ERROR OC fetch error ADANIGREEN-I: name 'requests' is not defined
2025-10-03 14:28:36,586 ERROR OC fetch error ADANIENT-I: name 'requests' is not defined
2025-10-03 14:28:36,589 ERROR OC fetch error ADANIPORTS-I: name 'requests' is not defined
2025-10-03 14:28:36,590 ERROR OC fetch error ALKEM-I: name 'requests' is not defined
2025-10-03 14:28:36,593 ERROR OC fetch error AMBER-I: name 'requests' is not defined
2025-10-03 14:28:36,595 ERROR OC fetch error AMBUJACEM-I: name 'requests' is not defined
2025-10-03 14:28:36,595 ERROR OC fetch error ANGELONE-I: name 'requests' is not defined
2025-10-03 14:28:36,597 ERROR OC fetch error APOLLOHOSP-I: name 'requests' is not defined
2025-10-03 14:28:36,599 ERROR OC fetch error APLAPOLLO-I: name 'requests' is not defined
2025-10-03 14:28:36,603 ERROR OC fetch error ASHOKLEY-I: name 'requests' is not defined
2025-10-03 14:28:36,604 ERROR OC fetch error ASTRAL-I: name 'requests' is not defined
2025-10-03 14:28:36,605 ERROR OC fetch error ASIANPAINT-I: name 'requests' is not defined
2025-10-03 14:28:36,607 ERROR OC fetch error AXISBANK-I: name 'requests' is not defined
2025-10-03 14:28:36,607 ERROR OC fetch error AUROPHARMA-I: name 'requests' is not defined
2025-10-03 14:28:36,608 ERROR OC fetch error AUBANK-I: name 'requests' is not defined
2025-10-03 14:28:36,610 ERROR OC fetch error BAJAJFINSV-I: name 'requests' is not defined
2025-10-03 14:28:36,610 ERROR OC fetch error BAJFINANCE-I: name 'requests' is not defined
2025-10-03 14:28:36,612 ERROR OC fetch error BDL-I: name 'requests' is not defined
2025-10-03 14:28:36,614 ERROR OC fetch error BEL-I: name 'requests' is not defined
2025-10-03 14:28:36,615 ERROR OC fetch error BANKINDIA-I: name 'requests' is not defined
2025-10-03 14:28:36,616 ERROR OC fetch error BHARATFORG-I: name 'requests' is not defined
2025-10-03 14:28:36,618 ERROR OC fetch error BIOCON-I: name 'requests' is not defined
2025-10-03 14:28:36,619 ERROR OC fetch error BHARTIARTL-I: name 'requests' is not defined
2025-10-03 14:28:36,621 ERROR OC fetch error BHEL-I: name 'requests' is not defined
2025-10-03 14:28:36,622 ERROR OC fetch error BOSCHLTD-I: name 'requests' is not defined
2025-10-03 14:28:36,622 ERROR OC fetch error BLUESTARCO-I: name 'requests' is not defined
2025-10-03 14:28:36,625 ERROR OC fetch error BSE-I: name 'requests' is not defined
2025-10-03 14:28:36,625 ERROR OC fetch error BPCL-I: name 'requests' is not defined
2025-10-03 14:28:36,626 ERROR OC fetch error BRITANNIA-I: name 'requests' is not defined
2025-10-03 14:28:36,628 ERROR OC fetch error CANBK-I: name 'requests' is not defined
2025-10-03 14:28:36,628 ERROR OC fetch error CAMS-I: name 'requests' is not defined
2025-10-03 14:28:36,628 ERROR OC fetch error CDSL-I: name 'requests' is not defined
2025-10-03 14:28:36,633 ERROR OC fetch error CIPLA-I: name 'requests' is not defined
2025-10-03 14:28:36,633 ERROR OC fetch error CHOLAFIN-I: name 'requests' is not defined
2025-10-03 14:28:36,635 ERROR OC fetch error CGPOWER-I: name 'requests' is not defined
2025-10-03 14:28:36,636 ERROR OC fetch error COALINDIA-I: name 'requests' is not defined
2025-10-03 14:28:36,636 ERROR OC fetch error CONCOR-I: name 'requests' is not defined
2025-10-03 14:28:36,636 ERROR OC fetch error COLPAL-I: name 'requests' is not defined
2025-10-03 14:28:36,637 ERROR OC fetch error COFORGE-I: name 'requests' is not defined
2025-10-03 14:28:36,639 ERROR OC fetch error CUMMINSIND-I: name 'requests' is not defined
2025-10-03 14:28:36,641 ERROR OC fetch error CYIENT-I: name 'requests' is not defined
2025-10-03 14:28:36,641 ERROR OC fetch error DABUR-I: name 'requests' is not defined
2025-10-03 14:28:36,643 ERROR OC fetch error DIVISLAB-I: name 'requests' is not defined
2025-10-03 14:28:36,644 ERROR OC fetch error DIXON-I: name 'requests' is not defined
2025-10-03 14:28:36,644 ERROR OC fetch error DELHIVERY-I: name 'requests' is not defined
2025-10-03 14:28:36,644 ERROR OC fetch error CROMPTON-I: name 'requests' is not defined
2025-10-03 14:28:36,648 ERROR OC fetch error DLF-I: name 'requests' is not defined
2025-10-03 14:28:36,649 ERROR OC fetch error DMART-I: name 'requests' is not defined
2025-10-03 14:28:36,649 ERROR OC fetch error DALBHARAT-I: name 'requests' is not defined
2025-10-03 14:28:36,650 ERROR OC fetch error EXIDEIND-I: name 'requests' is not defined
2025-10-03 14:28:36,651 ERROR OC fetch error DRREDDY-I: name 'requests' is not defined
2025-10-03 14:28:36,655 ERROR OC fetch error EICHERMOT-I: name 'requests' is not defined
2025-10-03 14:28:36,656 ERROR OC fetch error GAIL-I: name 'requests' is not defined
2025-10-03 14:28:36,659 ERROR OC fetch error FORTIS-I: name 'requests' is not defined
2025-10-03 14:28:36,661 ERROR OC fetch error GRASIM-I: name 'requests' is not defined
2025-10-03 14:28:36,661 ERROR OC fetch error GLENMARK-I: name 'requests' is not defined
2025-10-03 14:28:36,664 ERROR OC fetch error GODREJPROP-I: name 'requests' is not defined
2025-10-03 14:28:36,666 ERROR OC fetch error GODREJCP-I: name 'requests' is not defined
2025-10-03 14:28:36,668 ERROR OC fetch error HAL-I: name 'requests' is not defined
2025-10-03 14:28:36,668 ERROR OC fetch error HAVELLS-I: name 'requests' is not defined
2025-10-03 14:28:36,669 ERROR OC fetch error HCLTECH-I: name 'requests' is not defined
2025-10-03 14:28:36,669 ERROR OC fetch error HDFCAMC-I: name 'requests' is not defined
2025-10-03 14:28:36,673 ERROR OC fetch error HDFCLIFE-I: name 'requests' is not defined
2025-10-03 14:28:36,673 ERROR OC fetch error HDFCBANK-I: name 'requests' is not defined
2025-10-03 14:28:36,674 ERROR OC fetch error HEROMOTOCO-I: name 'requests' is not defined
2025-10-03 14:28:36,677 ERROR OC fetch error HINDUNILVR-I: name 'requests' is not defined
2025-10-03 14:28:36,680 ERROR OC fetch error HFCL-I: name 'requests' is not defined
2025-10-03 14:28:36,680 ERROR OC fetch error HINDPETRO-I: name 'requests' is not defined
2025-10-03 14:28:36,681 ERROR OC fetch error HINDALCO-I: name 'requests' is not defined
2025-10-03 14:28:36,683 ERROR OC fetch error ICICIBANK-I: name 'requests' is not defined
2025-10-03 14:28:36,683 ERROR OC fetch error HINDZINC-I: name 'requests' is not defined
2025-10-03 14:28:36,683 ERROR OC fetch error HUDCO-I: name 'requests' is not defined
2025-10-03 14:28:36,684 ERROR OC fetch error ICICIGI-I: name 'requests' is not defined
2025-10-03 14:28:36,684 ERROR OC fetch error ICICIPRULI-I: name 'requests' is not defined
2025-10-03 14:28:36,686 ERROR OC fetch error IGL-I: name 'requests' is not defined
2025-10-03 14:28:36,687 ERROR OC fetch error IEX-I: name 'requests' is not defined
2025-10-03 14:28:36,688 ERROR OC fetch error INDIANB-I: name 'requests' is not defined
2025-10-03 14:28:36,689 ERROR OC fetch error INDHOTEL-I: name 'requests' is not defined
2025-10-03 14:28:36,691 ERROR OC fetch error IIFL-I: name 'requests' is not defined
2025-10-03 14:28:36,691 ERROR OC fetch error INFY-I: name 'requests' is not defined
2025-10-03 14:28:36,692 ERROR OC fetch error INDUSTOWER-I: name 'requests' is not defined
2025-10-03 14:28:36,693 ERROR OC fetch error INDIGO-I: name 'requests' is not defined
2025-10-03 14:28:36,693 ERROR OC fetch error INDUSINDBK-I: name 'requests' is not defined
2025-10-03 14:28:36,697 ERROR OC fetch error INOXWIND-I: name 'requests' is not defined
2025-10-03 14:28:36,698 ERROR OC fetch error IREDA-I: name 'requests' is not defined
2025-10-03 14:28:36,701 ERROR OC fetch error IRCTC-I: name 'requests' is not defined
2025-10-03 14:28:36,702 ERROR OC fetch error IRFC-I: name 'requests' is not defined
2025-10-03 14:28:36,704 ERROR OC fetch error IOC-I: name 'requests' is not defined
2025-10-03 14:28:36,705 ERROR OC fetch error JINDALSTEL-I: name 'requests' is not defined
2025-10-03 14:28:36,706 ERROR OC fetch error ITC-I: name 'requests' is not defined
2025-10-03 14:28:36,707 ERROR OC fetch error JIOFIN-I: name 'requests' is not defined
2025-10-03 14:28:36,707 ERROR OC fetch error JSWSTEEL-I: name 'requests' is not defined
2025-10-03 14:28:36,709 ERROR OC fetch error JSWENERGY-I: name 'requests' is not defined
2025-10-03 14:28:36,710 ERROR OC fetch error KALYANKJIL-I: name 'requests' is not defined
2025-10-03 14:28:36,710 ERROR OC fetch error JUBLFOOD-I: name 'requests' is not defined
2025-10-03 14:28:36,713 ERROR OC fetch error KEI-I: name 'requests' is not defined
2025-10-03 14:28:36,716 ERROR OC fetch error KFINTECH-I: name 'requests' is not defined
2025-10-03 14:28:36,716 ERROR OC fetch error KAYNES-I: name 'requests' is not defined
2025-10-03 14:28:36,718 ERROR OC fetch error LICHSGFIN-I: name 'requests' is not defined
2025-10-03 14:28:36,719 ERROR OC fetch error KPITTECH-I: name 'requests' is not defined
2025-10-03 14:28:36,719 ERROR OC fetch error LAURUSLABS-I: name 'requests' is not defined
2025-10-03 14:28:36,722 ERROR OC fetch error KOTAKBANK-I: name 'requests' is not defined
2025-10-03 14:28:36,724 ERROR OC fetch error LICI-I: name 'requests' is not defined
2025-10-03 14:28:36,727 ERROR OC fetch error LODHA-I: name 'requests' is not defined
2025-10-03 14:28:36,728 ERROR OC fetch error LT-I: name 'requests' is not defined
2025-10-03 14:28:36,728 ERROR OC fetch error LTF-I: name 'requests' is not defined
2025-10-03 14:28:36,730 ERROR OC fetch error LTIM-I: name 'requests' is not defined
2025-10-03 14:28:36,730 ERROR OC fetch error M&M-I: name 'requests' is not defined
2025-10-03 14:28:36,733 ERROR OC fetch error LUPIN-I: name 'requests' is not defined
2025-10-03 14:28:36,734 ERROR OC fetch error MANAPPURAM-I: name 'requests' is not defined
2025-10-03 14:28:36,736 ERROR OC fetch error MANKIND-I: name 'requests' is not defined
2025-10-03 14:28:36,738 ERROR OC fetch error MARUTI-I: name 'requests' is not defined
2025-10-03 14:28:36,738 ERROR OC fetch error MAXHEALTH-I: name 'requests' is not defined
2025-10-03 14:28:36,740 ERROR OC fetch error MARICO-I: name 'requests' is not defined
2025-10-03 14:28:36,742 ERROR OC fetch error MAZDOCK-I: name 'requests' is not defined
2025-10-03 14:28:36,743 ERROR OC fetch error MFSL-I: name 'requests' is not defined
2025-10-03 14:28:36,746 ERROR OC fetch error MPHASIS-I: name 'requests' is not defined
2025-10-03 14:28:36,746 ERROR OC fetch error MOTHERSON-I: name 'requests' is not defined
2025-10-03 14:28:36,746 ERROR OC fetch error MCX-I: name 'requests' is not defined
2025-10-03 14:28:36,747 ERROR OC fetch error MUTHOOTFIN-I: name 'requests' is not defined
2025-10-03 14:28:36,748 ERROR OC fetch error NBCC-I: name 'requests' is not defined
2025-10-03 14:28:36,749 ERROR OC fetch error NAUKRI-I: name 'requests' is not defined
2025-10-03 14:28:36,749 ERROR OC fetch error NATIONALUM-I: name 'requests' is not defined
2025-10-03 14:28:36,750 ERROR OC fetch error NESTLEIND-I: name 'requests' is not defined
2025-10-03 14:28:36,753 ERROR OC fetch error NCC-I: name 'requests' is not defined
2025-10-03 14:28:36,753 ERROR OC fetch error NHPC-I: name 'requests' is not defined
2025-10-03 14:28:36,754 ERROR OC fetch error NMDC-I: name 'requests' is not defined
2025-10-03 14:28:36,756 ERROR OC fetch error NTPC-I: name 'requests' is not defined
2025-10-03 14:28:36,757 ERROR OC fetch error NUVAMA-I: name 'requests' is not defined
2025-10-03 14:28:36,758 ERROR OC fetch error NYKAA-I: name 'requests' is not defined
2025-10-03 14:28:36,758 ERROR OC fetch error OFSS-I: name 'requests' is not defined
2025-10-03 14:28:36,758 ERROR OC fetch error OBEROIRLTY-I: name 'requests' is not defined
2025-10-03 14:28:36,761 ERROR OC fetch error OIL-I: name 'requests' is not defined
2025-10-03 14:28:36,763 ERROR OC fetch error ONGC-I: name 'requests' is not defined
2025-10-03 14:28:36,764 ERROR OC fetch error PATANJALI-I: name 'requests' is not defined
2025-10-03 14:28:36,764 ERROR OC fetch error PAGEIND-I: name 'requests' is not defined
2025-10-03 14:28:36,764 ERROR OC fetch error PAYTM-I: name 'requests' is not defined
2025-10-03 14:28:36,767 ERROR OC fetch error PERSISTENT-I: name 'requests' is not defined
2025-10-03 14:28:36,767 ERROR OC fetch error PETRONET-I: name 'requests' is not defined
2025-10-03 14:28:36,767 ERROR OC fetch error PFC-I: name 'requests' is not defined
2025-10-03 14:28:36,769 ERROR OC fetch error PGEL-I: name 'requests' is not defined
2025-10-03 14:28:36,769 ERROR OC fetch error PHOENIXLTD-I: name 'requests' is not defined
2025-10-03 14:28:36,770 ERROR OC fetch error PIDILITIND-I: name 'requests' is not defined
2025-10-03 14:28:36,773 ERROR OC fetch error PNBHOUSING-I: name 'requests' is not defined
2025-10-03 14:28:36,774 ERROR OC fetch error PIIND-I: name 'requests' is not defined
2025-10-03 14:28:36,774 ERROR OC fetch error PNB-I: name 'requests' is not defined
2025-10-03 14:28:36,774 ERROR OC fetch error POLICYBZR-I: name 'requests' is not defined
2025-10-03 14:28:36,776 ERROR OC fetch error POLYCAB-I: name 'requests' is not defined
2025-10-03 14:28:36,776 ERROR OC fetch error POWERGRID-I: name 'requests' is not defined
2025-10-03 14:28:36,777 ERROR OC fetch error PRESTIGE-I: name 'requests' is not defined
2025-10-03 14:28:36,778 ERROR OC fetch error PPLPHARMA-I: name 'requests' is not defined
2025-10-03 14:28:36,778 ERROR OC fetch error RBLBANK-I: name 'requests' is not defined
2025-10-03 14:28:36,778 ERROR OC fetch error RECLTD-I: name 'requests' is not defined
2025-10-03 14:28:36,780 ERROR OC fetch error RVNL-I: name 'requests' is not defined
2025-10-03 14:28:36,781 ERROR OC fetch error RELIANCE-I: name 'requests' is not defined
2025-10-03 14:28:36,782 ERROR OC fetch error SAIL-I: name 'requests' is not defined
2025-10-03 14:28:36,783 ERROR OC fetch error SBICARD-I: name 'requests' is not defined
2025-10-03 14:28:36,785 ERROR OC fetch error SBILIFE-I: name 'requests' is not defined
2025-10-03 14:28:36,786 ERROR OC fetch error SBIN-I: name 'requests' is not defined
2025-10-03 14:28:36,788 ERROR OC fetch error SHRIRAMFIN-I: name 'requests' is not defined
2025-10-03 14:28:36,789 ERROR OC fetch error SHREECEM-I: name 'requests' is not defined
2025-10-03 14:28:36,790 ERROR OC fetch error SIEMENS-I: name 'requests' is not defined
2025-10-03 14:28:36,792 ERROR OC fetch error SOLARINDS-I: name 'requests' is not defined
2025-10-03 14:28:36,793 ERROR OC fetch error SONACOMS-I: name 'requests' is not defined
2025-10-03 14:28:36,793 ERROR OC fetch error SRF-I: name 'requests' is not defined
2025-10-03 14:28:36,795 ERROR OC fetch error SUPREMEIND-I: name 'requests' is not defined
2025-10-03 14:28:36,796 ERROR OC fetch error SUNPHARMA-I: name 'requests' is not defined
2025-10-03 14:28:36,799 ERROR OC fetch error TATACONSUM-I: name 'requests' is not defined
2025-10-03 14:28:36,799 ERROR OC fetch error SYNGENE-I: name 'requests' is not defined
2025-10-03 14:28:36,799 ERROR OC fetch error TATAELXSI-I: name 'requests' is not defined
2025-10-03 14:28:36,800 ERROR OC fetch error SUZLON-I: name 'requests' is not defined
2025-10-03 14:28:36,800 ERROR OC fetch error TATASTEEL-I: name 'requests' is not defined
2025-10-03 14:28:36,801 ERROR OC fetch error TATAMOTORS-I: name 'requests' is not defined
2025-10-03 14:28:36,801 ERROR OC fetch error TATAPOWER-I: name 'requests' is not defined
2025-10-03 14:28:36,803 ERROR OC fetch error TATATECH-I: name 'requests' is not defined
2025-10-03 14:28:36,804 ERROR OC fetch error TCS-I: name 'requests' is not defined
2025-10-03 14:28:36,807 ERROR OC fetch error TECHM-I: name 'requests' is not defined
2025-10-03 14:28:36,807 ERROR OC fetch error TIINDIA-I: name 'requests' is not defined
2025-10-03 14:28:36,808 ERROR OC fetch error TITAGARH-I: name 'requests' is not defined
2025-10-03 14:28:36,809 ERROR OC fetch error TITAN-I: name 'requests' is not defined
2025-10-03 14:28:36,810 ERROR OC fetch error TORNTPHARM-I: name 'requests' is not defined
2025-10-03 14:28:36,810 ERROR OC fetch error TRENT-I: name 'requests' is not defined
2025-10-03 14:28:36,810 ERROR OC fetch error TORNTPOWER-I: name 'requests' is not defined
2025-10-03 14:28:36,812 ERROR OC fetch error TVSMOTOR-I: name 'requests' is not defined
2025-10-03 14:28:36,812 ERROR OC fetch error ULTRACEMCO-I: name 'requests' is not defined
2025-10-03 14:28:36,813 ERROR OC fetch error UNITDSPR-I: name 'requests' is not defined
2025-10-03 14:28:36,814 ERROR OC fetch error UNOMINDA-I: name 'requests' is not defined
2025-10-03 14:28:36,815 ERROR OC fetch error UPL-I: name 'requests' is not defined
2025-10-03 14:28:36,815 ERROR OC fetch error VBL-I: name 'requests' is not defined
2025-10-03 14:28:36,817 ERROR OC fetch error VEDL-I: name 'requests' is not defined
2025-10-03 14:28:36,817 ERROR OC fetch error VOLTAS-I: name 'requests' is not defined
2025-10-03 14:28:36,819 ERROR OC fetch error PNBHOUSING-I: name 'requests' is not defined
2025-10-03 14:28:36,819 ERROR OC fetch error WIPRO-I: name 'requests' is not defined
2025-10-03 14:28:36,819 ERROR OC fetch error ZYDUSLIFE-I: name 'requests' is not defined
2025-10-03 14:33:36,929 ERROR OC fetch error 360ONE-I: name 'requests' is not defined
2025-10-03 14:33:36,931 ERROR OC fetch error ABB-I: name 'requests' is not defined
2025-10-03 14:33:36,932 ERROR OC fetch error ABCAPITAL-I: name 'requests' is not defined
2025-10-03 14:33:36,935 ERROR OC fetch error ADANIENT-I: name 'requests' is not defined
2025-10-03 14:33:36,936 ERROR OC fetch error ADANIENSOL-I: name 'requests' is not defined
2025-10-03 14:33:36,938 ERROR OC fetch error ADANIPORTS-I: name 'requests' is not defined
2025-10-03 14:33:36,939 ERROR OC fetch error ADANIGREEN-I: name 'requests' is not defined
2025-10-03 14:33:36,941 ERROR OC fetch error ANGELONE-I: name 'requests' is not defined
2025-10-03 14:33:36,942 ERROR OC fetch error ALKEM-I: name 'requests' is not defined
2025-10-03 14:33:36,945 ERROR OC fetch error AMBER-I: name 'requests' is not defined
2025-10-03 14:33:36,948 ERROR OC fetch error ASHOKLEY-I: name 'requests' is not defined
2025-10-03 14:33:36,949 ERROR OC fetch error APLAPOLLO-I: name 'requests' is not defined
2025-10-03 14:33:36,949 ERROR OC fetch error AMBUJACEM-I: name 'requests' is not defined
2025-10-03 14:33:36,950 ERROR OC fetch error ASIANPAINT-I: name 'requests' is not defined
2025-10-03 14:33:36,950 ERROR OC fetch error APOLLOHOSP-I: name 'requests' is not defined
2025-10-03 14:33:36,950 ERROR OC fetch error ASTRAL-I: name 'requests' is not defined
2025-10-03 14:33:36,955 ERROR OC fetch error AUBANK-I: name 'requests' is not defined
2025-10-03 14:33:36,955 ERROR OC fetch error AUROPHARMA-I: name 'requests' is not defined
2025-10-03 14:33:36,956 ERROR OC fetch error BAJAJFINSV-I: name 'requests' is not defined
2025-10-03 14:33:36,961 ERROR OC fetch error AXISBANK-I: name 'requests' is not defined
2025-10-03 14:33:36,962 ERROR OC fetch error BANKINDIA-I: name 'requests' is not defined
2025-10-03 14:33:36,964 ERROR OC fetch error BDL-I: name 'requests' is not defined
2025-10-03 14:33:36,965 ERROR OC fetch error BAJFINANCE-I: name 'requests' is not defined
2025-10-03 14:33:36,965 ERROR OC fetch error BHARTIARTL-I: name 'requests' is not defined
2025-10-03 14:33:36,966 ERROR OC fetch error BEL-I: name 'requests' is not defined
2025-10-03 14:33:36,971 ERROR OC fetch error BHARATFORG-I: name 'requests' is not defined
2025-10-03 14:33:36,972 ERROR OC fetch error BHEL-I: name 'requests' is not defined
2025-10-03 14:33:36,972 ERROR OC fetch error BIOCON-I: name 'requests' is not defined
2025-10-03 14:33:36,973 ERROR OC fetch error BLUESTARCO-I: name 'requests' is not defined
2025-10-03 14:33:36,976 ERROR OC fetch error BPCL-I: name 'requests' is not defined
2025-10-03 14:33:36,977 ERROR OC fetch error BOSCHLTD-I: name 'requests' is not defined
2025-10-03 14:33:36,978 ERROR OC fetch error BRITANNIA-I: name 'requests' is not defined
2025-10-03 14:33:36,980 ERROR OC fetch error BSE-I: name 'requests' is not defined
2025-10-03 14:33:36,981 ERROR OC fetch error CAMS-I: name 'requests' is not defined
2025-10-03 14:33:36,984 ERROR OC fetch error CDSL-I: name 'requests' is not defined
2025-10-03 14:33:36,988 ERROR OC fetch error CIPLA-I: name 'requests' is not defined
2025-10-03 14:33:36,988 ERROR OC fetch error CHOLAFIN-I: name 'requests' is not defined
2025-10-03 14:33:36,989 ERROR OC fetch error CANBK-I: name 'requests' is not defined
2025-10-03 14:33:36,990 ERROR OC fetch error CGPOWER-I: name 'requests' is not defined
2025-10-03 14:33:36,991 ERROR OC fetch error COFORGE-I: name 'requests' is not defined
2025-10-03 14:33:36,994 ERROR OC fetch error COALINDIA-I: name 'requests' is not defined
2025-10-03 14:33:36,995 ERROR OC fetch error CONCOR-I: name 'requests' is not defined
2025-10-03 14:33:36,997 ERROR OC fetch error COLPAL-I: name 'requests' is not defined
2025-10-03 14:33:36,998 ERROR OC fetch error CROMPTON-I: name 'requests' is not defined
2025-10-03 14:33:36,998 ERROR OC fetch error CUMMINSIND-I: name 'requests' is not defined
2025-10-03 14:33:36,999 ERROR OC fetch error CYIENT-I: name 'requests' is not defined
2025-10-03 14:33:37,000 ERROR OC fetch error DABUR-I: name 'requests' is not defined
2025-10-03 14:33:37,003 ERROR OC fetch error DALBHARAT-I: name 'requests' is not defined
2025-10-03 14:33:37,004 ERROR OC fetch error DIVISLAB-I: name 'requests' is not defined
2025-10-03 14:33:37,004 ERROR OC fetch error DELHIVERY-I: name 'requests' is not defined
2025-10-03 14:33:37,004 ERROR OC fetch error DLF-I: name 'requests' is not defined
2025-10-03 14:33:37,007 ERROR OC fetch error DIXON-I: name 'requests' is not defined
2025-10-03 14:33:37,008 ERROR OC fetch error DRREDDY-I: name 'requests' is not defined
2025-10-03 14:33:37,010 ERROR OC fetch error DMART-I: name 'requests' is not defined
2025-10-03 14:33:37,012 ERROR OC fetch error EICHERMOT-I: name 'requests' is not defined
2025-10-03 14:33:37,014 ERROR OC fetch error EXIDEIND-I: name 'requests' is not defined
2025-10-03 14:33:37,016 ERROR OC fetch error GAIL-I: name 'requests' is not defined
2025-10-03 14:33:37,017 ERROR OC fetch error FORTIS-I: name 'requests' is not defined
2025-10-03 14:33:37,017 ERROR OC fetch error GLENMARK-I: name 'requests' is not defined
2025-10-03 14:33:37,019 ERROR OC fetch error GODREJCP-I: name 'requests' is not defined
2025-10-03 14:33:37,019 ERROR OC fetch error GRASIM-I: name 'requests' is not defined
2025-10-03 14:33:37,020 ERROR OC fetch error GODREJPROP-I: name 'requests' is not defined
2025-10-03 14:33:37,022 ERROR OC fetch error HAVELLS-I: name 'requests' is not defined
2025-10-03 14:33:37,023 ERROR OC fetch error HAL-I: name 'requests' is not defined
2025-10-03 14:33:37,024 ERROR OC fetch error HCLTECH-I: name 'requests' is not defined
2025-10-03 14:33:37,027 ERROR OC fetch error HDFCBANK-I: name 'requests' is not defined
2025-10-03 14:33:37,027 ERROR OC fetch error HDFCAMC-I: name 'requests' is not defined
2025-10-03 14:33:37,029 ERROR OC fetch error HDFCLIFE-I: name 'requests' is not defined
2025-10-03 14:33:37,030 ERROR OC fetch error HEROMOTOCO-I: name 'requests' is not defined
2025-10-03 14:33:37,031 ERROR OC fetch error HFCL-I: name 'requests' is not defined
2025-10-03 14:33:37,034 ERROR OC fetch error HINDALCO-I: name 'requests' is not defined
2025-10-03 14:33:37,035 ERROR OC fetch error HINDUNILVR-I: name 'requests' is not defined
2025-10-03 14:33:37,036 ERROR OC fetch error HINDPETRO-I: name 'requests' is not defined
2025-10-03 14:33:37,039 ERROR OC fetch error ICICIBANK-I: name 'requests' is not defined
2025-10-03 14:33:37,040 ERROR OC fetch error HUDCO-I: name 'requests' is not defined
2025-10-03 14:33:37,041 ERROR OC fetch error HINDZINC-I: name 'requests' is not defined
2025-10-03 14:33:37,043 ERROR OC fetch error ICICIPRULI-I: name 'requests' is not defined
2025-10-03 14:33:37,044 ERROR OC fetch error IEX-I: name 'requests' is not defined
2025-10-03 14:33:37,045 ERROR OC fetch error ICICIGI-I: name 'requests' is not defined
2025-10-03 14:33:37,049 ERROR OC fetch error INDHOTEL-I: name 'requests' is not defined
2025-10-03 14:33:37,050 ERROR OC fetch error IGL-I: name 'requests' is not defined
2025-10-03 14:33:37,053 ERROR OC fetch error INDIANB-I: name 'requests' is not defined
2025-10-03 14:33:37,054 ERROR OC fetch error IIFL-I: name 'requests' is not defined
2025-10-03 14:33:37,055 ERROR OC fetch error INDIGO-I: name 'requests' is not defined
2025-10-03 14:33:37,056 ERROR OC fetch error INDUSINDBK-I: name 'requests' is not defined
2025-10-03 14:33:37,058 ERROR OC fetch error INDUSTOWER-I: name 'requests' is not defined
2025-10-03 14:33:37,058 ERROR OC fetch error INFY-I: name 'requests' is not defined
2025-10-03 14:33:37,059 ERROR OC fetch error INOXWIND-I: name 'requests' is not defined
2025-10-03 14:33:37,063 ERROR OC fetch error IREDA-I: name 'requests' is not defined
2025-10-03 14:33:37,064 ERROR OC fetch error IRFC-I: name 'requests' is not defined
2025-10-03 14:33:37,067 ERROR OC fetch error IRCTC-I: name 'requests' is not defined
2025-10-03 14:33:37,068 ERROR OC fetch error IOC-I: name 'requests' is not defined
2025-10-03 14:33:37,068 ERROR OC fetch error ITC-I: name 'requests' is not defined
2025-10-03 14:33:37,069 ERROR OC fetch error JINDALSTEL-I: name 'requests' is not defined
2025-10-03 14:33:37,070 ERROR OC fetch error JIOFIN-I: name 'requests' is not defined
2025-10-03 14:33:37,070 ERROR OC fetch error JSWENERGY-I: name 'requests' is not defined
2025-10-03 14:33:37,071 ERROR OC fetch error JUBLFOOD-I: name 'requests' is not defined
2025-10-03 14:33:37,074 ERROR OC fetch error JSWSTEEL-I: name 'requests' is not defined
2025-10-03 14:33:37,076 ERROR OC fetch error KAYNES-I: name 'requests' is not defined
2025-10-03 14:33:37,078 ERROR OC fetch error KALYANKJIL-I: name 'requests' is not defined
2025-10-03 14:33:37,081 ERROR OC fetch error KFINTECH-I: name 'requests' is not defined
2025-10-03 14:33:37,081 ERROR OC fetch error KOTAKBANK-I: name 'requests' is not defined
2025-10-03 14:33:37,082 ERROR OC fetch error KEI-I: name 'requests' is not defined
2025-10-03 14:33:37,084 ERROR OC fetch error LAURUSLABS-I: name 'requests' is not defined
2025-10-03 14:33:37,084 ERROR OC fetch error KPITTECH-I: name 'requests' is not defined
2025-10-03 14:33:37,089 ERROR OC fetch error LICI-I: name 'requests' is not defined
2025-10-03 14:33:37,092 ERROR OC fetch error LT-I: name 'requests' is not defined
2025-10-03 14:33:37,092 ERROR OC fetch error LICHSGFIN-I: name 'requests' is not defined
2025-10-03 14:33:37,094 ERROR OC fetch error LTF-I: name 'requests' is not defined
2025-10-03 14:33:37,095 ERROR OC fetch error LODHA-I: name 'requests' is not defined
2025-10-03 14:33:37,096 ERROR OC fetch error LUPIN-I: name 'requests' is not defined
2025-10-03 14:33:37,096 ERROR OC fetch error M&M-I: name 'requests' is not defined
2025-10-03 14:33:37,098 ERROR OC fetch error MANKIND-I: name 'requests' is not defined
2025-10-03 14:33:37,099 ERROR OC fetch error LTIM-I: name 'requests' is not defined
2025-10-03 14:33:37,101 ERROR OC fetch error MARICO-I: name 'requests' is not defined
2025-10-03 14:33:37,101 ERROR OC fetch error MANAPPURAM-I: name 'requests' is not defined
2025-10-03 14:33:37,106 ERROR OC fetch error MARUTI-I: name 'requests' is not defined
2025-10-03 14:33:37,108 ERROR OC fetch error MAZDOCK-I: name 'requests' is not defined
2025-10-03 14:33:37,110 ERROR OC fetch error MAXHEALTH-I: name 'requests' is not defined
2025-10-03 14:33:37,111 ERROR OC fetch error MCX-I: name 'requests' is not defined
2025-10-03 14:33:37,112 ERROR OC fetch error MFSL-I: name 'requests' is not defined
2025-10-03 14:33:37,114 ERROR OC fetch error MUTHOOTFIN-I: name 'requests' is not defined
2025-10-03 14:33:37,114 ERROR OC fetch error MOTHERSON-I: name 'requests' is not defined
2025-10-03 14:33:37,117 ERROR OC fetch error MPHASIS-I: name 'requests' is not defined
2025-10-03 14:33:37,120 ERROR OC fetch error NBCC-I: name 'requests' is not defined
2025-10-03 14:33:37,120 ERROR OC fetch error NATIONALUM-I: name 'requests' is not defined
2025-10-03 14:33:37,121 ERROR OC fetch error NAUKRI-I: name 'requests' is not defined
2025-10-03 14:33:37,122 ERROR OC fetch error NESTLEIND-I: name 'requests' is not defined
2025-10-03 14:33:37,124 ERROR OC fetch error NCC-I: name 'requests' is not defined
2025-10-03 14:33:37,127 ERROR OC fetch error NMDC-I: name 'requests' is not defined
2025-10-03 14:33:37,128 ERROR OC fetch error NHPC-I: name 'requests' is not defined
2025-10-03 14:33:37,129 ERROR OC fetch error NYKAA-I: name 'requests' is not defined
2025-10-03 14:33:37,130 ERROR OC fetch error NUVAMA-I: name 'requests' is not defined
2025-10-03 14:33:37,131 ERROR OC fetch error NTPC-I: name 'requests' is not defined
2025-10-03 14:33:37,136 ERROR OC fetch error OIL-I: name 'requests' is not defined
2025-10-03 14:33:37,138 ERROR OC fetch error OBEROIRLTY-I: name 'requests' is not defined
2025-10-03 14:33:37,138 ERROR OC fetch error OFSS-I: name 'requests' is not defined
2025-10-03 14:33:37,140 ERROR OC fetch error ONGC-I: name 'requests' is not defined
2025-10-03 14:33:37,141 ERROR OC fetch error PAGEIND-I: name 'requests' is not defined
2025-10-03 14:33:37,143 ERROR OC fetch error PATANJALI-I: name 'requests' is not defined
2025-10-03 14:33:37,145 ERROR OC fetch error PAYTM-I: name 'requests' is not defined
2025-10-03 14:33:37,148 ERROR OC fetch error PETRONET-I: name 'requests' is not defined
2025-10-03 14:33:37,148 ERROR OC fetch error PERSISTENT-I: name 'requests' is not defined
2025-10-03 14:33:37,151 ERROR OC fetch error PFC-I: name 'requests' is not defined
2025-10-03 14:33:37,153 ERROR OC fetch error PGEL-I: name 'requests' is not defined
2025-10-03 14:33:37,153 ERROR OC fetch error PHOENIXLTD-I: name 'requests' is not defined
2025-10-03 14:33:37,154 ERROR OC fetch error PIDILITIND-I: name 'requests' is not defined
2025-10-03 14:33:37,157 ERROR OC fetch error PIIND-I: name 'requests' is not defined
2025-10-03 14:33:37,159 ERROR OC fetch error PNBHOUSING-I: name 'requests' is not defined
2025-10-03 14:33:37,160 ERROR OC fetch error PNB-I: name 'requests' is not defined
2025-10-03 14:33:37,161 ERROR OC fetch error POLICYBZR-I: name 'requests' is not defined
2025-10-03 14:33:37,164 ERROR OC fetch error POLYCAB-I: name 'requests' is not defined
2025-10-03 14:33:37,165 ERROR OC fetch error POWERGRID-I: name 'requests' is not defined
2025-10-03 14:33:37,166 ERROR OC fetch error PPLPHARMA-I: name 'requests' is not defined
2025-10-03 14:33:37,169 ERROR OC fetch error PRESTIGE-I: name 'requests' is not defined
2025-10-03 14:33:37,171 ERROR OC fetch error RBLBANK-I: name 'requests' is not defined
2025-10-03 14:33:37,171 ERROR OC fetch error RECLTD-I: name 'requests' is not defined
2025-10-03 14:33:37,171 ERROR OC fetch error RELIANCE-I: name 'requests' is not defined
2025-10-03 14:33:37,174 ERROR OC fetch error RVNL-I: name 'requests' is not defined
2025-10-03 14:33:37,176 ERROR OC fetch error SAIL-I: name 'requests' is not defined
2025-10-03 14:33:37,177 ERROR OC fetch error SBICARD-I: name 'requests' is not defined
2025-10-03 14:33:37,179 ERROR OC fetch error SBILIFE-I: name 'requests' is not defined
2025-10-03 14:33:37,182 ERROR OC fetch error SBIN-I: name 'requests' is not defined
2025-10-03 14:33:37,182 ERROR OC fetch error SHREECEM-I: name 'requests' is not defined
2025-10-03 14:33:37,186 ERROR OC fetch error SHRIRAMFIN-I: name 'requests' is not defined
2025-10-03 14:33:37,188 ERROR OC fetch error SIEMENS-I: name 'requests' is not defined
2025-10-03 14:33:37,188 ERROR OC fetch error SOLARINDS-I: name 'requests' is not defined
2025-10-03 14:33:37,190 ERROR OC fetch error SONACOMS-I: name 'requests' is not defined
2025-10-03 14:33:37,193 ERROR OC fetch error SRF-I: name 'requests' is not defined
2025-10-03 14:33:37,195 ERROR OC fetch error SUNPHARMA-I: name 'requests' is not defined
2025-10-03 14:33:37,195 ERROR OC fetch error SUPREMEIND-I: name 'requests' is not defined
2025-10-03 14:33:37,201 ERROR OC fetch error SUZLON-I: name 'requests' is not defined
2025-10-03 14:33:37,202 ERROR OC fetch error TATACONSUM-I: name 'requests' is not defined
2025-10-03 14:33:37,203 ERROR OC fetch error SYNGENE-I: name 'requests' is not defined
2025-10-03 14:33:37,205 ERROR OC fetch error TATAELXSI-I: name 'requests' is not defined
2025-10-03 14:33:37,206 ERROR OC fetch error TATAMOTORS-I: name 'requests' is not defined
2025-10-03 14:33:37,207 ERROR OC fetch error TATAPOWER-I: name 'requests' is not defined
2025-10-03 14:33:37,211 ERROR OC fetch error TATASTEEL-I: name 'requests' is not defined
2025-10-03 14:33:37,213 ERROR OC fetch error TATATECH-I: name 'requests' is not defined
2025-10-03 14:33:37,215 ERROR OC fetch error TECHM-I: name 'requests' is not defined
2025-10-03 14:33:37,217 ERROR OC fetch error TIINDIA-I: name 'requests' is not defined
2025-10-03 14:33:37,218 ERROR OC fetch error TCS-I: name 'requests' is not defined
2025-10-03 14:33:37,218 ERROR OC fetch error TITAGARH-I: name 'requests' is not defined
2025-10-03 14:33:37,219 ERROR OC fetch error TITAN-I: name 'requests' is not defined
2025-10-03 14:33:37,222 ERROR OC fetch error TORNTPHARM-I: name 'requests' is not defined
2025-10-03 14:33:37,222 ERROR OC fetch error TORNTPOWER-I: name 'requests' is not defined
2025-10-03 14:33:37,224 ERROR OC fetch error TRENT-I: name 'requests' is not defined
2025-10-03 14:33:37,226 ERROR OC fetch error TVSMOTOR-I: name 'requests' is not defined
2025-10-03 14:33:37,229 ERROR OC fetch error ULTRACEMCO-I: name 'requests' is not defined
2025-10-03 14:33:37,230 ERROR OC fetch error UNITDSPR-I: name 'requests' is not defined
2025-10-03 14:33:37,232 ERROR OC fetch error UNOMINDA-I: name 'requests' is not defined
2025-10-03 14:33:37,233 ERROR OC fetch error UPL-I: name 'requests' is not defined
2025-10-03 14:33:37,233 ERROR OC fetch error VBL-I: name 'requests' is not defined
2025-10-03 14:33:37,235 ERROR OC fetch error VEDL-I: name 'requests' is not defined
2025-10-03 14:33:37,235 ERROR OC fetch error VOLTAS-I: name 'requests' is not defined
2025-10-03 14:33:37,237 ERROR OC fetch error ZYDUSLIFE-I: name 'requests' is not defined
2025-10-03 14:33:37,238 ERROR OC fetch error PNBHOUSING-I: name 'requests' is not defined
2025-10-03 14:33:37,238 ERROR OC fetch error WIPRO-I: name 'requests' is not defined
2025-10-03 14:38:37,468 ERROR OC fetch error 360ONE-I: name 'requests' is not defined
2025-10-03 14:38:37,470 ERROR OC fetch error ABB-I: name 'requests' is not defined
2025-10-03 14:38:37,472 ERROR OC fetch error ABCAPITAL-I: name 'requests' is not defined
2025-10-03 14:38:37,476 ERROR OC fetch error ADANIENSOL-I: name 'requests' is not defined
2025-10-03 14:38:37,476 ERROR OC fetch error ADANIENT-I: name 'requests' is not defined
2025-10-03 14:38:37,477 ERROR OC fetch error ADANIGREEN-I: name 'requests' is not defined
2025-10-03 14:38:37,479 ERROR OC fetch error ALKEM-I: name 'requests' is not defined
2025-10-03 14:38:37,479 ERROR OC fetch error ADANIPORTS-I: name 'requests' is not defined
2025-10-03 14:38:37,483 ERROR OC fetch error AMBUJACEM-I: name 'requests' is not defined
2025-10-03 14:38:37,484 ERROR OC fetch error AMBER-I: name 'requests' is not defined
2025-10-03 14:38:37,485 ERROR OC fetch error APLAPOLLO-I: name 'requests' is not defined
2025-10-03 14:38:37,487 ERROR OC fetch error ANGELONE-I: name 'requests' is not defined
2025-10-03 14:38:37,487 ERROR OC fetch error ASHOKLEY-I: name 'requests' is not defined
2025-10-03 14:38:37,488 ERROR OC fetch error ASIANPAINT-I: name 'requests' is not defined
2025-10-03 14:38:37,490 ERROR OC fetch error APOLLOHOSP-I: name 'requests' is not defined
2025-10-03 14:38:37,492 ERROR OC fetch error AUROPHARMA-I: name 'requests' is not defined
2025-10-03 14:38:37,494 ERROR OC fetch error ASTRAL-I: name 'requests' is not defined
2025-10-03 14:38:37,496 ERROR OC fetch error AUBANK-I: name 'requests' is not defined
2025-10-03 14:38:37,497 ERROR OC fetch error AXISBANK-I: name 'requests' is not defined
2025-10-03 14:38:37,498 ERROR OC fetch error BAJAJFINSV-I: name 'requests' is not defined
2025-10-03 14:38:37,499 ERROR OC fetch error BAJFINANCE-I: name 'requests' is not defined
2025-10-03 14:38:37,500 ERROR OC fetch error BDL-I: name 'requests' is not defined
2025-10-03 14:38:37,502 ERROR OC fetch error BANKINDIA-I: name 'requests' is not defined
2025-10-03 14:38:37,503 ERROR OC fetch error BEL-I: name 'requests' is not defined
2025-10-03 14:38:37,506 ERROR OC fetch error BHEL-I: name 'requests' is not defined
2025-10-03 14:38:37,506 ERROR OC fetch error BHARTIARTL-I: name 'requests' is not defined
2025-10-03 14:38:37,508 ERROR OC fetch error BHARATFORG-I: name 'requests' is not defined
2025-10-03 14:38:37,509 ERROR OC fetch error BLUESTARCO-I: name 'requests' is not defined
2025-10-03 14:38:37,511 ERROR OC fetch error BIOCON-I: name 'requests' is not defined
2025-10-03 14:38:37,512 ERROR OC fetch error BPCL-I: name 'requests' is not defined
2025-10-03 14:38:37,514 ERROR OC fetch error BOSCHLTD-I: name 'requests' is not defined
2025-10-03 14:38:37,514 ERROR OC fetch error BRITANNIA-I: name 'requests' is not defined
2025-10-03 14:38:37,516 ERROR OC fetch error BSE-I: name 'requests' is not defined
2025-10-03 14:38:37,516 ERROR OC fetch error CAMS-I: name 'requests' is not defined
2025-10-03 14:38:37,519 ERROR OC fetch error CANBK-I: name 'requests' is not defined
2025-10-03 14:38:37,521 ERROR OC fetch error CDSL-I: name 'requests' is not defined
2025-10-03 14:38:37,522 ERROR OC fetch error CIPLA-I: name 'requests' is not defined
2025-10-03 14:38:37,523 ERROR OC fetch error CGPOWER-I: name 'requests' is not defined
2025-10-03 14:38:37,524 ERROR OC fetch error CHOLAFIN-I: name 'requests' is not defined
2025-10-03 14:38:37,527 ERROR OC fetch error COALINDIA-I: name 'requests' is not defined
2025-10-03 14:38:37,529 ERROR OC fetch error CONCOR-I: name 'requests' is not defined
2025-10-03 14:38:37,529 ERROR OC fetch error COLPAL-I: name 'requests' is not defined
2025-10-03 14:38:37,530 ERROR OC fetch error COFORGE-I: name 'requests' is not defined
2025-10-03 14:38:37,532 ERROR OC fetch error CROMPTON-I: name 'requests' is not defined
2025-10-03 14:38:37,534 ERROR OC fetch error CYIENT-I: name 'requests' is not defined
2025-10-03 14:38:37,534 ERROR OC fetch error CUMMINSIND-I: name 'requests' is not defined
2025-10-03 14:38:37,537 ERROR OC fetch error DALBHARAT-I: name 'requests' is not defined
2025-10-03 14:38:37,537 ERROR OC fetch error DIVISLAB-I: name 'requests' is not defined
2025-10-03 14:38:37,538 ERROR OC fetch error DABUR-I: name 'requests' is not defined
2025-10-03 14:38:37,539 ERROR OC fetch error DELHIVERY-I: name 'requests' is not defined
2025-10-03 14:38:37,542 ERROR OC fetch error DLF-I: name 'requests' is not defined
2025-10-03 14:38:37,545 ERROR OC fetch error DMART-I: name 'requests' is not defined
2025-10-03 14:38:37,547 ERROR OC fetch error DRREDDY-I: name 'requests' is not defined
2025-10-03 14:38:37,547 ERROR OC fetch error EXIDEIND-I: name 'requests' is not defined
2025-10-03 14:38:37,548 ERROR OC fetch error DIXON-I: name 'requests' is not defined
2025-10-03 14:38:37,550 ERROR OC fetch error EICHERMOT-I: name 'requests' is not defined
2025-10-03 14:38:37,552 ERROR OC fetch error FORTIS-I: name 'requests' is not defined
2025-10-03 14:38:37,552 ERROR OC fetch error GAIL-I: name 'requests' is not defined
2025-10-03 14:38:37,554 ERROR OC fetch error GLENMARK-I: name 'requests' is not defined
2025-10-03 14:38:37,557 ERROR OC fetch error HAL-I: name 'requests' is not defined
2025-10-03 14:38:37,557 ERROR OC fetch error GRASIM-I: name 'requests' is not defined
2025-10-03 14:38:37,558 ERROR OC fetch error GODREJCP-I: name 'requests' is not defined
2025-10-03 14:38:37,559 ERROR OC fetch error GODREJPROP-I: name 'requests' is not defined
2025-10-03 14:38:37,561 ERROR OC fetch error HCLTECH-I: name 'requests' is not defined
2025-10-03 14:38:37,562 ERROR OC fetch error HAVELLS-I: name 'requests' is not defined
2025-10-03 14:38:37,563 ERROR OC fetch error HDFCAMC-I: name 'requests' is not defined
2025-10-03 14:38:37,565 ERROR OC fetch error HDFCBANK-I: name 'requests' is not defined
2025-10-03 14:38:37,566 ERROR OC fetch error HDFCLIFE-I: name 'requests' is not defined
2025-10-03 14:38:37,569 ERROR OC fetch error HEROMOTOCO-I: name 'requests' is not defined
2025-10-03 14:38:37,570 ERROR OC fetch error HFCL-I: name 'requests' is not defined
2025-10-03 14:38:37,572 ERROR OC fetch error HINDALCO-I: name 'requests' is not defined
2025-10-03 14:38:37,573 ERROR OC fetch error HINDPETRO-I: name 'requests' is not defined
2025-10-03 14:38:37,576 ERROR OC fetch error HINDUNILVR-I: name 'requests' is not defined
2025-10-03 14:38:37,577 ERROR OC fetch error HINDZINC-I: name 'requests' is not defined
2025-10-03 14:38:37,578 ERROR OC fetch error ICICIBANK-I: name 'requests' is not defined
2025-10-03 14:38:37,581 ERROR OC fetch error ICICIGI-I: name 'requests' is not defined
2025-10-03 14:38:37,584 ERROR OC fetch error HUDCO-I: name 'requests' is not defined
2025-10-03 14:38:37,586 ERROR OC fetch error IGL-I: name 'requests' is not defined
2025-10-03 14:38:37,586 ERROR OC fetch error IEX-I: name 'requests' is not defined
2025-10-03 14:38:37,587 ERROR OC fetch error ICICIPRULI-I: name 'requests' is not defined
2025-10-03 14:38:37,590 ERROR OC fetch error IIFL-I: name 'requests' is not defined
2025-10-03 14:38:37,591 ERROR OC fetch error INDHOTEL-I: name 'requests' is not defined
2025-10-03 14:38:37,592 ERROR OC fetch error INDIGO-I: name 'requests' is not defined
2025-10-03 14:38:37,592 ERROR OC fetch error INDUSINDBK-I: name 'requests' is not defined
2025-10-03 14:38:37,594 ERROR OC fetch error INDIANB-I: name 'requests' is not defined
2025-10-03 14:38:37,595 ERROR OC fetch error INFY-I: name 'requests' is not defined
2025-10-03 14:38:37,595 ERROR OC fetch error INDUSTOWER-I: name 'requests' is not defined
2025-10-03 14:38:37,598 ERROR OC fetch error INOXWIND-I: name 'requests' is not defined
2025-10-03 14:38:37,600 ERROR OC fetch error IRCTC-I: name 'requests' is not defined
2025-10-03 14:38:37,602 ERROR OC fetch error IRFC-I: name 'requests' is not defined
2025-10-03 14:38:37,603 ERROR OC fetch error IOC-I: name 'requests' is not defined
2025-10-03 14:38:37,603 ERROR OC fetch error IREDA-I: name 'requests' is not defined
2025-10-03 14:38:37,605 ERROR OC fetch error ITC-I: name 'requests' is not defined
2025-10-03 14:38:37,606 ERROR OC fetch error JINDALSTEL-I: name 'requests' is not defined
2025-10-03 14:38:37,607 ERROR OC fetch error JIOFIN-I: name 'requests' is not defined
2025-10-03 14:38:37,607 ERROR OC fetch error JSWENERGY-I: name 'requests' is not defined
2025-10-03 14:38:37,608 ERROR OC fetch error JSWSTEEL-I: name 'requests' is not defined
2025-10-03 14:38:37,611 ERROR OC fetch error KALYANKJIL-I: name 'requests' is not defined
2025-10-03 14:38:37,612 ERROR OC fetch error KAYNES-I: name 'requests' is not defined
2025-10-03 14:38:37,614 ERROR OC fetch error JUBLFOOD-I: name 'requests' is not defined
2025-10-03 14:38:37,616 ERROR OC fetch error KEI-I: name 'requests' is not defined
2025-10-03 14:38:37,617 ERROR OC fetch error KFINTECH-I: name 'requests' is not defined
2025-10-03 14:38:37,617 ERROR OC fetch error KPITTECH-I: name 'requests' is not defined
2025-10-03 14:38:37,618 ERROR OC fetch error KOTAKBANK-I: name 'requests' is not defined
2025-10-03 14:38:37,619 ERROR OC fetch error LAURUSLABS-I: name 'requests' is not defined
2025-10-03 14:38:37,622 ERROR OC fetch error LICI-I: name 'requests' is not defined
2025-10-03 14:38:37,623 ERROR OC fetch error LICHSGFIN-I: name 'requests' is not defined
2025-10-03 14:38:37,624 ERROR OC fetch error LODHA-I: name 'requests' is not defined
2025-10-03 14:38:37,625 ERROR OC fetch error LT-I: name 'requests' is not defined
2025-10-03 14:38:37,625 ERROR OC fetch error LTF-I: name 'requests' is not defined
2025-10-03 14:38:37,629 ERROR OC fetch error MANAPPURAM-I: name 'requests' is not defined
2025-10-03 14:38:37,629 ERROR OC fetch error LTIM-I: name 'requests' is not defined
2025-10-03 14:38:37,631 ERROR OC fetch error LUPIN-I: name 'requests' is not defined
2025-10-03 14:38:37,631 ERROR OC fetch error M&M-I: name 'requests' is not defined
2025-10-03 14:38:37,632 ERROR OC fetch error MANKIND-I: name 'requests' is not defined
2025-10-03 14:38:37,635 ERROR OC fetch error MARUTI-I: name 'requests' is not defined
2025-10-03 14:38:37,635 ERROR OC fetch error MARICO-I: name 'requests' is not defined
2025-10-03 14:38:37,636 ERROR OC fetch error MAZDOCK-I: name 'requests' is not defined
2025-10-03 14:38:37,636 ERROR OC fetch error MAXHEALTH-I: name 'requests' is not defined
2025-10-03 14:38:37,638 ERROR OC fetch error MCX-I: name 'requests' is not defined
2025-10-03 14:38:37,639 ERROR OC fetch error MPHASIS-I: name 'requests' is not defined
2025-10-03 14:38:37,641 ERROR OC fetch error MOTHERSON-I: name 'requests' is not defined
2025-10-03 14:38:37,644 ERROR OC fetch error MUTHOOTFIN-I: name 'requests' is not defined
2025-10-03 14:38:37,644 ERROR OC fetch error NATIONALUM-I: name 'requests' is not defined
2025-10-03 14:38:37,645 ERROR OC fetch error MFSL-I: name 'requests' is not defined
2025-10-03 14:38:37,646 ERROR OC fetch error NBCC-I: name 'requests' is not defined
2025-10-03 14:38:37,648 ERROR OC fetch error NAUKRI-I: name 'requests' is not defined
2025-10-03 14:38:37,649 ERROR OC fetch error NCC-I: name 'requests' is not defined
2025-10-03 14:38:37,650 ERROR OC fetch error NESTLEIND-I: name 'requests' is not defined
2025-10-03 14:38:37,652 ERROR OC fetch error NHPC-I: name 'requests' is not defined
2025-10-03 14:38:37,654 ERROR OC fetch error NMDC-I: name 'requests' is not defined
2025-10-03 14:38:37,656 ERROR OC fetch error NTPC-I: name 'requests' is not defined
2025-10-03 14:38:37,658 ERROR OC fetch error NUVAMA-I: name 'requests' is not defined
2025-10-03 14:38:37,660 ERROR OC fetch error NYKAA-I: name 'requests' is not defined
2025-10-03 14:38:37,662 ERROR OC fetch error OBEROIRLTY-I: name 'requests' is not defined
2025-10-03 14:38:37,662 ERROR OC fetch error OFSS-I: name 'requests' is not defined
2025-10-03 14:38:37,664 ERROR OC fetch error OIL-I: name 'requests' is not defined
2025-10-03 14:38:37,667 ERROR OC fetch error ONGC-I: name 'requests' is not defined
2025-10-03 14:38:37,668 ERROR OC fetch error PAGEIND-I: name 'requests' is not defined
2025-10-03 14:38:37,669 ERROR OC fetch error PATANJALI-I: name 'requests' is not defined
2025-10-03 14:38:37,670 ERROR OC fetch error PAYTM-I: name 'requests' is not defined
2025-10-03 14:38:37,671 ERROR OC fetch error PERSISTENT-I: name 'requests' is not defined
2025-10-03 14:38:37,674 ERROR OC fetch error PFC-I: name 'requests' is not defined
2025-10-03 14:38:37,675 ERROR OC fetch error PGEL-I: name 'requests' is not defined
2025-10-03 14:38:37,675 ERROR OC fetch error PETRONET-I: name 'requests' is not defined
2025-10-03 14:38:37,678 ERROR OC fetch error PIDILITIND-I: name 'requests' is not defined
2025-10-03 14:38:37,678 ERROR OC fetch error PHOENIXLTD-I: name 'requests' is not defined
2025-10-03 14:38:37,680 ERROR OC fetch error PIIND-I: name 'requests' is not defined
2025-10-03 14:38:37,682 ERROR OC fetch error PNB-I: name 'requests' is not defined
2025-10-03 14:38:37,683 ERROR OC fetch error PNBHOUSING-I: name 'requests' is not defined
2025-10-03 14:38:37,685 ERROR OC fetch error POLICYBZR-I: name 'requests' is not defined
2025-10-03 14:38:37,686 ERROR OC fetch error POLYCAB-I: name 'requests' is not defined
2025-10-03 14:38:37,698 ERROR OC fetch error POWERGRID-I: name 'requests' is not defined
2025-10-03 14:38:37,701 ERROR OC fetch error RBLBANK-I: name 'requests' is not defined
2025-10-03 14:38:37,702 ERROR OC fetch error PRESTIGE-I: name 'requests' is not defined
2025-10-03 14:38:37,702 ERROR OC fetch error PPLPHARMA-I: name 'requests' is not defined
2025-10-03 14:38:37,703 ERROR OC fetch error RELIANCE-I: name 'requests' is not defined
2025-10-03 14:38:37,703 ERROR OC fetch error RECLTD-I: name 'requests' is not defined
2025-10-03 14:38:37,704 ERROR OC fetch error SAIL-I: name 'requests' is not defined
2025-10-03 14:38:37,705 ERROR OC fetch error RVNL-I: name 'requests' is not defined
2025-10-03 14:38:37,706 ERROR OC fetch error SBICARD-I: name 'requests' is not defined
2025-10-03 14:38:37,708 ERROR OC fetch error SBILIFE-I: name 'requests' is not defined
2025-10-03 14:38:37,709 ERROR OC fetch error SHREECEM-I: name 'requests' is not defined
2025-10-03 14:38:37,710 ERROR OC fetch error SBIN-I: name 'requests' is not defined
2025-10-03 14:38:37,711 ERROR OC fetch error SIEMENS-I: name 'requests' is not defined
2025-10-03 14:38:37,712 ERROR OC fetch error SHRIRAMFIN-I: name 'requests' is not defined
2025-10-03 14:38:37,712 ERROR OC fetch error SOLARINDS-I: name 'requests' is not defined
2025-10-03 14:38:37,714 ERROR OC fetch error SONACOMS-I: name 'requests' is not defined
2025-10-03 14:38:37,724 ERROR OC fetch error SRF-I: name 'requests' is not defined
2025-10-03 14:38:37,725 ERROR OC fetch error SUNPHARMA-I: name 'requests' is not defined
2025-10-03 14:38:37,737 ERROR OC fetch error SUZLON-I: name 'requests' is not defined
2025-10-03 14:38:37,737 ERROR OC fetch error SYNGENE-I: name 'requests' is not defined
2025-10-03 14:38:37,737 ERROR OC fetch error TATACONSUM-I: name 'requests' is not defined
2025-10-03 14:38:37,739 ERROR OC fetch error SUPREMEIND-I: name 'requests' is not defined
2025-10-03 14:38:37,741 ERROR OC fetch error TRENT-I: name 'requests' is not defined
2025-10-03 14:38:37,743 ERROR OC fetch error TITAGARH-I: name 'requests' is not defined
2025-10-03 14:38:37,743 ERROR OC fetch error TORNTPHARM-I: name 'requests' is not defined
2025-10-03 14:38:37,743 ERROR OC fetch error TATAPOWER-I: name 'requests' is not defined
2025-10-03 14:38:37,743 ERROR OC fetch error UPL-I: name 'requests' is not defined
2025-10-03 14:38:37,744 ERROR OC fetch error TVSMOTOR-I: name 'requests' is not defined
2025-10-03 14:38:37,744 ERROR OC fetch error TECHM-I: name 'requests' is not defined
2025-10-03 14:38:37,745 ERROR OC fetch error TATAMOTORS-I: name 'requests' is not defined
2025-10-03 14:38:37,745 ERROR OC fetch error TIINDIA-I: name 'requests' is not defined
2025-10-03 14:38:37,745 ERROR OC fetch error UNOMINDA-I: name 'requests' is not defined
2025-10-03 14:38:37,746 ERROR OC fetch error WIPRO-I: name 'requests' is not defined
2025-10-03 14:38:37,746 ERROR OC fetch error TATATECH-I: name 'requests' is not defined
2025-10-03 14:38:37,746 ERROR OC fetch error VBL-I: name 'requests' is not defined
2025-10-03 14:38:37,746 ERROR OC fetch error TORNTPOWER-I: name 'requests' is not defined
2025-10-03 14:38:37,747 ERROR OC fetch error TITAN-I: name 'requests' is not defined
2025-10-03 14:38:37,748 ERROR OC fetch error TATASTEEL-I: name 'requests' is not defined
2025-10-03 14:38:37,748 ERROR OC fetch error ZYDUSLIFE-I: name 'requests' is not defined
2025-10-03 14:38:37,749 ERROR OC fetch error TATAELXSI-I: name 'requests' is not defined
2025-10-03 14:38:37,749 ERROR OC fetch error VOLTAS-I: name 'requests' is not defined
2025-10-03 14:38:37,749 ERROR OC fetch error TCS-I: name 'requests' is not defined
2025-10-03 14:38:37,749 ERROR OC fetch error UNITDSPR-I: name 'requests' is not defined
2025-10-03 14:38:37,750 ERROR OC fetch error PNBHOUSING-I: name 'requests' is not defined
2025-10-03 14:38:37,750 ERROR OC fetch error VEDL-I: name 'requests' is not defined
2025-10-03 14:38:37,751 ERROR OC fetch error ULTRACEMCO-I: name 'requests' is not defined
2025-10-03 14:43:37,903 ERROR OC fetch error 360ONE-I: name 'requests' is not defined
2025-10-03 14:43:37,906 ERROR OC fetch error ABB-I: name 'requests' is not defined
2025-10-03 14:43:37,906 ERROR OC fetch error ADANIENSOL-I: name 'requests' is not defined
2025-10-03 14:43:37,906 ERROR OC fetch error ADANIENT-I: name 'requests' is not defined
2025-10-03 14:43:37,908 ERROR OC fetch error ABCAPITAL-I: name 'requests' is not defined
2025-10-03 14:43:37,910 ERROR OC fetch error ADANIPORTS-I: name 'requests' is not defined
2025-10-03 14:43:37,911 ERROR OC fetch error ADANIGREEN-I: name 'requests' is not defined
2025-10-03 14:43:37,915 ERROR OC fetch error AMBUJACEM-I: name 'requests' is not defined
2025-10-03 14:43:37,915 ERROR OC fetch error APLAPOLLO-I: name 'requests' is not defined
2025-10-03 14:43:37,915 ERROR OC fetch error ANGELONE-I: name 'requests' is not defined
2025-10-03 14:43:37,916 ERROR OC fetch error ALKEM-I: name 'requests' is not defined
2025-10-03 14:43:37,917 ERROR OC fetch error AMBER-I: name 'requests' is not defined
2025-10-03 14:43:37,918 ERROR OC fetch error ASTRAL-I: name 'requests' is not defined
2025-10-03 14:43:37,919 ERROR OC fetch error ASIANPAINT-I: name 'requests' is not defined
2025-10-03 14:43:37,920 ERROR OC fetch error APOLLOHOSP-I: name 'requests' is not defined
2025-10-03 14:43:37,922 ERROR OC fetch error BAJAJFINSV-I: name 'requests' is not defined
2025-10-03 14:43:37,924 ERROR OC fetch error AUBANK-I: name 'requests' is not defined
2025-10-03 14:43:37,925 ERROR OC fetch error BAJFINANCE-I: name 'requests' is not defined
2025-10-03 14:43:37,926 ERROR OC fetch error ASHOKLEY-I: name 'requests' is not defined
2025-10-03 14:43:37,928 ERROR OC fetch error BDL-I: name 'requests' is not defined
2025-10-03 14:43:37,928 ERROR OC fetch error BANKINDIA-I: name 'requests' is not defined
2025-10-03 14:43:37,928 ERROR OC fetch error AXISBANK-I: name 'requests' is not defined
2025-10-03 14:43:37,928 ERROR OC fetch error BHARATFORG-I: name 'requests' is not defined
2025-10-03 14:43:37,929 ERROR OC fetch error BEL-I: name 'requests' is not defined
2025-10-03 14:43:37,930 ERROR OC fetch error AUROPHARMA-I: name 'requests' is not defined
2025-10-03 14:43:37,931 ERROR OC fetch error BHARTIARTL-I: name 'requests' is not defined
2025-10-03 14:43:37,931 ERROR OC fetch error BIOCON-I: name 'requests' is not defined
2025-10-03 14:43:37,932 ERROR OC fetch error BLUESTARCO-I: name 'requests' is not defined
2025-10-03 14:43:37,934 ERROR OC fetch error BHEL-I: name 'requests' is not defined
2025-10-03 14:43:37,935 ERROR OC fetch error BOSCHLTD-I: name 'requests' is not defined
2025-10-03 14:43:37,936 ERROR OC fetch error BPCL-I: name 'requests' is not defined
2025-10-03 14:43:37,938 ERROR OC fetch error CAMS-I: name 'requests' is not defined
2025-10-03 14:43:37,939 ERROR OC fetch error BRITANNIA-I: name 'requests' is not defined
2025-10-03 14:43:37,939 ERROR OC fetch error BSE-I: name 'requests' is not defined
2025-10-03 14:43:37,939 ERROR OC fetch error CANBK-I: name 'requests' is not defined
2025-10-03 14:43:37,941 ERROR OC fetch error CDSL-I: name 'requests' is not defined
2025-10-03 14:43:37,942 ERROR OC fetch error CHOLAFIN-I: name 'requests' is not defined
2025-10-03 14:43:37,942 ERROR OC fetch error CIPLA-I: name 'requests' is not defined
2025-10-03 14:43:37,943 ERROR OC fetch error CGPOWER-I: name 'requests' is not defined
2025-10-03 14:43:37,943 ERROR OC fetch error COALINDIA-I: name 'requests' is not defined
2025-10-03 14:43:37,944 ERROR OC fetch error COLPAL-I: name 'requests' is not defined
2025-10-03 14:43:37,945 ERROR OC fetch error COFORGE-I: name 'requests' is not defined
2025-10-03 14:43:37,946 ERROR OC fetch error CONCOR-I: name 'requests' is not defined
2025-10-03 14:43:37,947 ERROR OC fetch error CROMPTON-I: name 'requests' is not defined
2025-10-03 14:43:37,947 ERROR OC fetch error CYIENT-I: name 'requests' is not defined
2025-10-03 14:43:37,948 ERROR OC fetch error CUMMINSIND-I: name 'requests' is not defined
2025-10-03 14:43:37,949 ERROR OC fetch error DELHIVERY-I: name 'requests' is not defined
2025-10-03 14:43:37,951 ERROR OC fetch error DABUR-I: name 'requests' is not defined
2025-10-03 14:43:37,951 ERROR OC fetch error DALBHARAT-I: name 'requests' is not defined
2025-10-03 14:43:37,953 ERROR OC fetch error DIVISLAB-I: name 'requests' is not defined
2025-10-03 14:43:37,954 ERROR OC fetch error DIXON-I: name 'requests' is not defined
2025-10-03 14:43:37,956 ERROR OC fetch error DLF-I: name 'requests' is not defined
2025-10-03 14:43:37,956 ERROR OC fetch error DRREDDY-I: name 'requests' is not defined
2025-10-03 14:43:37,957 ERROR OC fetch error EXIDEIND-I: name 'requests' is not defined
2025-10-03 14:43:37,957 ERROR OC fetch error EICHERMOT-I: name 'requests' is not defined
2025-10-03 14:43:37,957 ERROR OC fetch error DMART-I: name 'requests' is not defined
2025-10-03 14:43:37,957 ERROR OC fetch error FORTIS-I: name 'requests' is not defined
2025-10-03 14:43:37,959 ERROR OC fetch error GLENMARK-I: name 'requests' is not defined
2025-10-03 14:43:37,960 ERROR OC fetch error GAIL-I: name 'requests' is not defined
2025-10-03 14:43:37,961 ERROR OC fetch error GRASIM-I: name 'requests' is not defined
2025-10-03 14:43:37,961 ERROR OC fetch error GODREJCP-I: name 'requests' is not defined
2025-10-03 14:43:37,962 ERROR OC fetch error HAL-I: name 'requests' is not defined
2025-10-03 14:43:37,962 ERROR OC fetch error GODREJPROP-I: name 'requests' is not defined
2025-10-03 14:43:37,962 ERROR OC fetch error HAVELLS-I: name 'requests' is not defined
2025-10-03 14:43:37,963 ERROR OC fetch error HCLTECH-I: name 'requests' is not defined
2025-10-03 14:43:37,966 ERROR OC fetch error HDFCAMC-I: name 'requests' is not defined
2025-10-03 14:43:37,967 ERROR OC fetch error HDFCBANK-I: name 'requests' is not defined
2025-10-03 14:43:37,968 ERROR OC fetch error HDFCLIFE-I: name 'requests' is not defined
2025-10-03 14:43:37,969 ERROR OC fetch error HEROMOTOCO-I: name 'requests' is not defined
2025-10-03 14:43:37,969 ERROR OC fetch error HFCL-I: name 'requests' is not defined
2025-10-03 14:43:37,969 ERROR OC fetch error HINDALCO-I: name 'requests' is not defined
2025-10-03 14:43:37,970 ERROR OC fetch error HINDPETRO-I: name 'requests' is not defined
2025-10-03 14:43:37,971 ERROR OC fetch error HINDUNILVR-I: name 'requests' is not defined
2025-10-03 14:43:37,973 ERROR OC fetch error HUDCO-I: name 'requests' is not defined
2025-10-03 14:43:37,973 ERROR OC fetch error HINDZINC-I: name 'requests' is not defined
2025-10-03 14:43:37,973 ERROR OC fetch error ICICIGI-I: name 'requests' is not defined
2025-10-03 14:43:37,974 ERROR OC fetch error ICICIBANK-I: name 'requests' is not defined
2025-10-03 14:43:37,975 ERROR OC fetch error IGL-I: name 'requests' is not defined
2025-10-03 14:43:37,976 ERROR OC fetch error IEX-I: name 'requests' is not defined
2025-10-03 14:43:37,976 ERROR OC fetch error ICICIPRULI-I: name 'requests' is not defined
2025-10-03 14:43:37,977 ERROR OC fetch error INDHOTEL-I: name 'requests' is not defined
2025-10-03 14:43:37,978 ERROR OC fetch error IIFL-I: name 'requests' is not defined
2025-10-03 14:43:37,979 ERROR OC fetch error INDIGO-I: name 'requests' is not defined
2025-10-03 14:43:37,980 ERROR OC fetch error INDIANB-I: name 'requests' is not defined
2025-10-03 14:43:37,980 ERROR OC fetch error INDUSTOWER-I: name 'requests' is not defined
2025-10-03 14:43:37,981 ERROR OC fetch error INDUSINDBK-I: name 'requests' is not defined
2025-10-03 14:43:37,982 ERROR OC fetch error IOC-I: name 'requests' is not defined
2025-10-03 14:43:37,982 ERROR OC fetch error INOXWIND-I: name 'requests' is not defined
2025-10-03 14:43:37,983 ERROR OC fetch error INFY-I: name 'requests' is not defined
2025-10-03 14:43:37,984 ERROR OC fetch error IRCTC-I: name 'requests' is not defined
2025-10-03 14:43:37,986 ERROR OC fetch error IRFC-I: name 'requests' is not defined
2025-10-03 14:43:37,986 ERROR OC fetch error IREDA-I: name 'requests' is not defined
2025-10-03 14:43:37,987 ERROR OC fetch error JINDALSTEL-I: name 'requests' is not defined
2025-10-03 14:43:37,988 ERROR OC fetch error JSWENERGY-I: name 'requests' is not defined
2025-10-03 14:43:37,988 ERROR OC fetch error JSWSTEEL-I: name 'requests' is not defined
2025-10-03 14:43:37,988 ERROR OC fetch error ITC-I: name 'requests' is not defined
2025-10-03 14:43:37,989 ERROR OC fetch error JIOFIN-I: name 'requests' is not defined
2025-10-03 14:43:37,991 ERROR OC fetch error JUBLFOOD-I: name 'requests' is not defined
2025-10-03 14:43:37,991 ERROR OC fetch error KALYANKJIL-I: name 'requests' is not defined
2025-10-03 14:43:37,991 ERROR OC fetch error KFINTECH-I: name 'requests' is not defined
2025-10-03 14:43:37,991 ERROR OC fetch error KAYNES-I: name 'requests' is not defined
2025-10-03 14:43:37,993 ERROR OC fetch error KEI-I: name 'requests' is not defined
2025-10-03 14:43:37,993 ERROR OC fetch error KOTAKBANK-I: name 'requests' is not defined
2025-10-03 14:43:37,994 ERROR OC fetch error KPITTECH-I: name 'requests' is not defined
2025-10-03 14:43:37,995 ERROR OC fetch error LAURUSLABS-I: name 'requests' is not defined
2025-10-03 14:43:37,995 ERROR OC fetch error LICHSGFIN-I: name 'requests' is not defined
2025-10-03 14:43:37,995 ERROR OC fetch error LICI-I: name 'requests' is not defined
2025-10-03 14:43:37,996 ERROR OC fetch error LT-I: name 'requests' is not defined
2025-10-03 14:43:37,996 ERROR OC fetch error LODHA-I: name 'requests' is not defined
2025-10-03 14:43:37,997 ERROR OC fetch error LTF-I: name 'requests' is not defined
2025-10-03 14:43:37,997 ERROR OC fetch error LTIM-I: name 'requests' is not defined
2025-10-03 14:43:38,000 ERROR OC fetch error LUPIN-I: name 'requests' is not defined
2025-10-03 14:43:38,001 ERROR OC fetch error MANKIND-I: name 'requests' is not defined
2025-10-03 14:43:38,001 ERROR OC fetch error MANAPPURAM-I: name 'requests' is not defined
2025-10-03 14:43:38,001 ERROR OC fetch error MARICO-I: name 'requests' is not defined
2025-10-03 14:43:38,001 ERROR OC fetch error MARUTI-I: name 'requests' is not defined
2025-10-03 14:43:38,002 ERROR OC fetch error M&M-I: name 'requests' is not defined
2025-10-03 14:43:38,003 ERROR OC fetch error MAXHEALTH-I: name 'requests' is not defined
2025-10-03 14:43:38,004 ERROR OC fetch error MCX-I: name 'requests' is not defined
2025-10-03 14:43:38,004 ERROR OC fetch error MFSL-I: name 'requests' is not defined
2025-10-03 14:43:38,004 ERROR OC fetch error MAZDOCK-I: name 'requests' is not defined
2025-10-03 14:43:38,006 ERROR OC fetch error MOTHERSON-I: name 'requests' is not defined
2025-10-03 14:43:38,006 ERROR OC fetch error MPHASIS-I: name 'requests' is not defined
2025-10-03 14:43:38,007 ERROR OC fetch error NATIONALUM-I: name 'requests' is not defined
2025-10-03 14:43:38,008 ERROR OC fetch error NAUKRI-I: name 'requests' is not defined
2025-10-03 14:43:38,009 ERROR OC fetch error NBCC-I: name 'requests' is not defined
2025-10-03 14:43:38,009 ERROR OC fetch error NCC-I: name 'requests' is not defined
2025-10-03 14:43:38,009 ERROR OC fetch error MUTHOOTFIN-I: name 'requests' is not defined
2025-10-03 14:43:38,010 ERROR OC fetch error NESTLEIND-I: name 'requests' is not defined
2025-10-03 14:43:38,011 ERROR OC fetch error NHPC-I: name 'requests' is not defined
2025-10-03 14:43:38,011 ERROR OC fetch error NMDC-I: name 'requests' is not defined
2025-10-03 14:43:38,012 ERROR OC fetch error NTPC-I: name 'requests' is not defined
2025-10-03 14:43:38,014 ERROR OC fetch error NUVAMA-I: name 'requests' is not defined
2025-10-03 14:43:38,015 ERROR OC fetch error OBEROIRLTY-I: name 'requests' is not defined
2025-10-03 14:43:38,015 ERROR OC fetch error NYKAA-I: name 'requests' is not defined
2025-10-03 14:43:38,016 ERROR OC fetch error OIL-I: name 'requests' is not defined
2025-10-03 14:43:38,017 ERROR OC fetch error OFSS-I: name 'requests' is not defined
2025-10-03 14:43:38,018 ERROR OC fetch error ONGC-I: name 'requests' is not defined
2025-10-03 14:43:38,019 ERROR OC fetch error PAGEIND-I: name 'requests' is not defined
2025-10-03 14:43:38,019 ERROR OC fetch error PATANJALI-I: name 'requests' is not defined
2025-10-03 14:43:38,020 ERROR OC fetch error PERSISTENT-I: name 'requests' is not defined
2025-10-03 14:43:38,021 ERROR OC fetch error PETRONET-I: name 'requests' is not defined
2025-10-03 14:43:38,021 ERROR OC fetch error PAYTM-I: name 'requests' is not defined
2025-10-03 14:43:38,022 ERROR OC fetch error PFC-I: name 'requests' is not defined
2025-10-03 14:43:38,022 ERROR OC fetch error PGEL-I: name 'requests' is not defined
2025-10-03 14:43:38,023 ERROR OC fetch error PHOENIXLTD-I: name 'requests' is not defined
2025-10-03 14:43:38,023 ERROR OC fetch error PIDILITIND-I: name 'requests' is not defined
2025-10-03 14:43:38,024 ERROR OC fetch error PIIND-I: name 'requests' is not defined
2025-10-03 14:43:38,025 ERROR OC fetch error PNB-I: name 'requests' is not defined
2025-10-03 14:43:38,025 ERROR OC fetch error PNBHOUSING-I: name 'requests' is not defined
2025-10-03 14:43:38,026 ERROR OC fetch error POLICYBZR-I: name 'requests' is not defined
2025-10-03 14:43:38,028 ERROR OC fetch error POWERGRID-I: name 'requests' is not defined
2025-10-03 14:43:38,028 ERROR OC fetch error POLYCAB-I: name 'requests' is not defined
2025-10-03 14:43:38,028 ERROR OC fetch error PPLPHARMA-I: name 'requests' is not defined
2025-10-03 14:43:38,030 ERROR OC fetch error PRESTIGE-I: name 'requests' is not defined
2025-10-03 14:43:38,030 ERROR OC fetch error RBLBANK-I: name 'requests' is not defined
2025-10-03 14:43:38,031 ERROR OC fetch error RECLTD-I: name 'requests' is not defined
2025-10-03 14:43:38,032 ERROR OC fetch error RELIANCE-I: name 'requests' is not defined
2025-10-03 14:43:38,033 ERROR OC fetch error RVNL-I: name 'requests' is not defined
2025-10-03 14:43:38,034 ERROR OC fetch error SAIL-I: name 'requests' is not defined
2025-10-03 14:43:38,035 ERROR OC fetch error SBICARD-I: name 'requests' is not defined
2025-10-03 14:43:38,035 ERROR OC fetch error SBILIFE-I: name 'requests' is not defined
2025-10-03 14:43:38,036 ERROR OC fetch error SBIN-I: name 'requests' is not defined
2025-10-03 14:43:38,037 ERROR OC fetch error SHREECEM-I: name 'requests' is not defined
2025-10-03 14:43:38,037 ERROR OC fetch error SHRIRAMFIN-I: name 'requests' is not defined
2025-10-03 14:43:38,037 ERROR OC fetch error SIEMENS-I: name 'requests' is not defined
2025-10-03 14:43:38,038 ERROR OC fetch error SOLARINDS-I: name 'requests' is not defined
2025-10-03 14:43:38,039 ERROR OC fetch error SONACOMS-I: name 'requests' is not defined
2025-10-03 14:43:38,039 ERROR OC fetch error SRF-I: name 'requests' is not defined
2025-10-03 14:43:38,041 ERROR OC fetch error SUNPHARMA-I: name 'requests' is not defined
2025-10-03 14:43:38,041 ERROR OC fetch error SUZLON-I: name 'requests' is not defined
2025-10-03 14:43:38,041 ERROR OC fetch error SUPREMEIND-I: name 'requests' is not defined
2025-10-03 14:43:38,042 ERROR OC fetch error SYNGENE-I: name 'requests' is not defined
2025-10-03 14:43:38,044 ERROR OC fetch error TATACONSUM-I: name 'requests' is not defined
2025-10-03 14:43:38,044 ERROR OC fetch error TATAMOTORS-I: name 'requests' is not defined
2025-10-03 14:43:38,044 ERROR OC fetch error TATAELXSI-I: name 'requests' is not defined
2025-10-03 14:43:38,045 ERROR OC fetch error TATAPOWER-I: name 'requests' is not defined
2025-10-03 14:43:38,046 ERROR OC fetch error TATASTEEL-I: name 'requests' is not defined
2025-10-03 14:43:38,046 ERROR OC fetch error TATATECH-I: name 'requests' is not defined
2025-10-03 14:43:38,047 ERROR OC fetch error TCS-I: name 'requests' is not defined
2025-10-03 14:43:38,047 ERROR OC fetch error TECHM-I: name 'requests' is not defined
2025-10-03 14:43:38,048 ERROR OC fetch error TIINDIA-I: name 'requests' is not defined
2025-10-03 14:43:38,049 ERROR OC fetch error TITAN-I: name 'requests' is not defined
2025-10-03 14:43:38,050 ERROR OC fetch error TORNTPOWER-I: name 'requests' is not defined
2025-10-03 14:43:38,050 ERROR OC fetch error TITAGARH-I: name 'requests' is not defined
2025-10-03 14:43:38,051 ERROR OC fetch error TORNTPHARM-I: name 'requests' is not defined
2025-10-03 14:43:38,051 ERROR OC fetch error TVSMOTOR-I: name 'requests' is not defined
2025-10-03 14:43:38,051 ERROR OC fetch error ULTRACEMCO-I: name 'requests' is not defined
2025-10-03 14:43:38,052 ERROR OC fetch error TRENT-I: name 'requests' is not defined
2025-10-03 14:43:38,053 ERROR OC fetch error UNOMINDA-I: name 'requests' is not defined
2025-10-03 14:43:38,054 ERROR OC fetch error UPL-I: name 'requests' is not defined
2025-10-03 14:43:38,054 ERROR OC fetch error UNITDSPR-I: name 'requests' is not defined
2025-10-03 14:43:38,055 ERROR OC fetch error VBL-I: name 'requests' is not defined
2025-10-03 14:43:38,055 ERROR OC fetch error VEDL-I: name 'requests' is not defined
2025-10-03 14:43:38,056 ERROR OC fetch error VOLTAS-I: name 'requests' is not defined
2025-10-03 14:43:38,056 ERROR OC fetch error WIPRO-I: name 'requests' is not defined
2025-10-03 14:43:38,057 ERROR OC fetch error ZYDUSLIFE-I: name 'requests' is not defined
2025-10-03 14:43:38,058 ERROR OC fetch error PNBHOUSING-I: name 'requests' is not defined
2025-10-03 14:48:38,200 ERROR OC fetch error 360ONE-I: name 'requests' is not defined
2025-10-03 14:48:38,202 ERROR OC fetch error ABB-I: name 'requests' is not defined
2025-10-03 14:48:38,203 ERROR OC fetch error ABCAPITAL-I: name 'requests' is not defined
2025-10-03 14:48:38,204 ERROR OC fetch error ADANIENT-I: name 'requests' is not defined
2025-10-03 14:48:38,205 ERROR OC fetch error ADANIENSOL-I: name 'requests' is not defined
2025-10-03 14:48:38,207 ERROR OC fetch error ADANIGREEN-I: name 'requests' is not defined
2025-10-03 14:48:38,208 ERROR OC fetch error ADANIPORTS-I: name 'requests' is not defined
2025-10-03 14:48:38,209 ERROR OC fetch error ALKEM-I: name 'requests' is not defined
2025-10-03 14:48:38,212 ERROR OC fetch error AMBUJACEM-I: name 'requests' is not defined
2025-10-03 14:48:38,212 ERROR OC fetch error ANGELONE-I: name 'requests' is not defined
2025-10-03 14:48:38,215 ERROR OC fetch error AMBER-I: name 'requests' is not defined
2025-10-03 14:48:38,218 ERROR OC fetch error APOLLOHOSP-I: name 'requests' is not defined
2025-10-03 14:48:38,219 ERROR OC fetch error ASIANPAINT-I: name 'requests' is not defined
2025-10-03 14:48:38,221 ERROR OC fetch error ASHOKLEY-I: name 'requests' is not defined
2025-10-03 14:48:38,225 ERROR OC fetch error AUBANK-I: name 'requests' is not defined
2025-10-03 14:48:38,226 ERROR OC fetch error APLAPOLLO-I: name 'requests' is not defined
2025-10-03 14:48:38,229 ERROR OC fetch error AUROPHARMA-I: name 'requests' is not defined
2025-10-03 14:48:38,232 ERROR OC fetch error ASTRAL-I: name 'requests' is not defined
2025-10-03 14:48:38,232 ERROR OC fetch error BAJAJFINSV-I: name 'requests' is not defined
2025-10-03 14:48:38,234 ERROR OC fetch error AXISBANK-I: name 'requests' is not defined
2025-10-03 14:48:38,235 ERROR OC fetch error BDL-I: name 'requests' is not defined
2025-10-03 14:48:38,238 ERROR OC fetch error BHARATFORG-I: name 'requests' is not defined
2025-10-03 14:48:38,239 ERROR OC fetch error BANKINDIA-I: name 'requests' is not defined
2025-10-03 14:48:38,240 ERROR OC fetch error BAJFINANCE-I: name 'requests' is not defined
2025-10-03 14:48:38,241 ERROR OC fetch error BEL-I: name 'requests' is not defined
2025-10-03 14:48:38,241 ERROR OC fetch error BHEL-I: name 'requests' is not defined
2025-10-03 14:48:38,242 ERROR OC fetch error BHARTIARTL-I: name 'requests' is not defined
2025-10-03 14:48:38,246 ERROR OC fetch error BLUESTARCO-I: name 'requests' is not defined
2025-10-03 14:48:38,247 ERROR OC fetch error BIOCON-I: name 'requests' is not defined
2025-10-03 14:48:38,248 ERROR OC fetch error BPCL-I: name 'requests' is not defined
2025-10-03 14:48:38,250 ERROR OC fetch error BOSCHLTD-I: name 'requests' is not defined
2025-10-03 14:48:38,251 ERROR OC fetch error BRITANNIA-I: name 'requests' is not defined
2025-10-03 14:48:38,253 ERROR OC fetch error BSE-I: name 'requests' is not defined
2025-10-03 14:48:38,255 ERROR OC fetch error CAMS-I: name 'requests' is not defined
2025-10-03 14:48:38,256 ERROR OC fetch error CANBK-I: name 'requests' is not defined
2025-10-03 14:48:38,256 ERROR OC fetch error CDSL-I: name 'requests' is not defined
2025-10-03 14:48:38,257 ERROR OC fetch error CHOLAFIN-I: name 'requests' is not defined
2025-10-03 14:48:38,259 ERROR OC fetch error CGPOWER-I: name 'requests' is not defined
2025-10-03 14:48:38,260 ERROR OC fetch error COALINDIA-I: name 'requests' is not defined
2025-10-03 14:48:38,262 ERROR OC fetch error CIPLA-I: name 'requests' is not defined
2025-10-03 14:48:38,265 ERROR OC fetch error COFORGE-I: name 'requests' is not defined
2025-10-03 14:48:38,265 ERROR OC fetch error COLPAL-I: name 'requests' is not defined
2025-10-03 14:48:38,266 ERROR OC fetch error CROMPTON-I: name 'requests' is not defined
2025-10-03 14:48:38,266 ERROR OC fetch error CONCOR-I: name 'requests' is not defined
2025-10-03 14:48:38,267 ERROR OC fetch error CYIENT-I: name 'requests' is not defined
2025-10-03 14:48:38,268 ERROR OC fetch error CUMMINSIND-I: name 'requests' is not defined
2025-10-03 14:48:38,269 ERROR OC fetch error DALBHARAT-I: name 'requests' is not defined
2025-10-03 14:48:38,269 ERROR OC fetch error DABUR-I: name 'requests' is not defined
2025-10-03 14:48:38,271 ERROR OC fetch error DELHIVERY-I: name 'requests' is not defined
2025-10-03 14:48:38,272 ERROR OC fetch error DIXON-I: name 'requests' is not defined
2025-10-03 14:48:38,272 ERROR OC fetch error DIVISLAB-I: name 'requests' is not defined
2025-10-03 14:48:38,274 ERROR OC fetch error DLF-I: name 'requests' is not defined
2025-10-03 14:48:38,275 ERROR OC fetch error DMART-I: name 'requests' is not defined
2025-10-03 14:48:38,275 ERROR OC fetch error DRREDDY-I: name 'requests' is not defined
2025-10-03 14:48:38,276 ERROR OC fetch error EICHERMOT-I: name 'requests' is not defined
2025-10-03 14:48:38,277 ERROR OC fetch error EXIDEIND-I: name 'requests' is not defined
2025-10-03 14:48:38,279 ERROR OC fetch error GLENMARK-I: name 'requests' is not defined
2025-10-03 14:48:38,279 ERROR OC fetch error FORTIS-I: name 'requests' is not defined
2025-10-03 14:48:38,279 ERROR OC fetch error GODREJCP-I: name 'requests' is not defined
2025-10-03 14:48:38,281 ERROR OC fetch error GAIL-I: name 'requests' is not defined
2025-10-03 14:48:38,282 ERROR OC fetch error GODREJPROP-I: name 'requests' is not defined
2025-10-03 14:48:38,283 ERROR OC fetch error HAL-I: name 'requests' is not defined
2025-10-03 14:48:38,283 ERROR OC fetch error HAVELLS-I: name 'requests' is not defined
2025-10-03 14:48:38,283 ERROR OC fetch error GRASIM-I: name 'requests' is not defined
2025-10-03 14:48:38,285 ERROR OC fetch error HCLTECH-I: name 'requests' is not defined
2025-10-03 14:48:38,285 ERROR OC fetch error HDFCAMC-I: name 'requests' is not defined
2025-10-03 14:48:38,286 ERROR OC fetch error HDFCLIFE-I: name 'requests' is not defined
2025-10-03 14:48:38,286 ERROR OC fetch error HDFCBANK-I: name 'requests' is not defined
2025-10-03 14:48:38,288 ERROR OC fetch error HEROMOTOCO-I: name 'requests' is not defined
2025-10-03 14:48:38,289 ERROR OC fetch error HINDPETRO-I: name 'requests' is not defined
2025-10-03 14:48:38,289 ERROR OC fetch error HINDALCO-I: name 'requests' is not defined
2025-10-03 14:48:38,290 ERROR OC fetch error HINDZINC-I: name 'requests' is not defined
2025-10-03 14:48:38,290 ERROR OC fetch error HINDUNILVR-I: name 'requests' is not defined
2025-10-03 14:48:38,291 ERROR OC fetch error HFCL-I: name 'requests' is not defined
2025-10-03 14:48:38,292 ERROR OC fetch error HUDCO-I: name 'requests' is not defined
2025-10-03 14:48:38,294 ERROR OC fetch error ICICIBANK-I: name 'requests' is not defined
2025-10-03 14:48:38,296 ERROR OC fetch error ICICIPRULI-I: name 'requests' is not defined
2025-10-03 14:48:38,296 ERROR OC fetch error ICICIGI-I: name 'requests' is not defined
2025-10-03 14:48:38,297 ERROR OC fetch error IEX-I: name 'requests' is not defined
2025-10-03 14:48:38,297 ERROR OC fetch error IGL-I: name 'requests' is not defined
2025-10-03 14:48:38,297 ERROR OC fetch error IIFL-I: name 'requests' is not defined
2025-10-03 14:48:38,298 ERROR OC fetch error INDHOTEL-I: name 'requests' is not defined
2025-10-03 14:48:38,299 ERROR OC fetch error INDIGO-I: name 'requests' is not defined
2025-10-03 14:48:38,299 ERROR OC fetch error INDUSINDBK-I: name 'requests' is not defined
2025-10-03 14:48:38,299 ERROR OC fetch error INDIANB-I: name 'requests' is not defined
2025-10-03 14:48:38,300 ERROR OC fetch error INDUSTOWER-I: name 'requests' is not defined
2025-10-03 14:48:38,302 ERROR OC fetch error INOXWIND-I: name 'requests' is not defined
2025-10-03 14:48:38,302 ERROR OC fetch error INFY-I: name 'requests' is not defined
2025-10-03 14:48:38,303 ERROR OC fetch error IOC-I: name 'requests' is not defined
2025-10-03 14:48:38,304 ERROR OC fetch error IREDA-I: name 'requests' is not defined
2025-10-03 14:48:38,304 ERROR OC fetch error IRCTC-I: name 'requests' is not defined
2025-10-03 14:48:38,305 ERROR OC fetch error ITC-I: name 'requests' is not defined
2025-10-03 14:48:38,305 ERROR OC fetch error JSWENERGY-I: name 'requests' is not defined
2025-10-03 14:48:38,306 ERROR OC fetch error IRFC-I: name 'requests' is not defined
2025-10-03 14:48:38,307 ERROR OC fetch error JIOFIN-I: name 'requests' is not defined
2025-10-03 14:48:38,308 ERROR OC fetch error JINDALSTEL-I: name 'requests' is not defined
2025-10-03 14:48:38,309 ERROR OC fetch error JSWSTEEL-I: name 'requests' is not defined
2025-10-03 14:48:38,310 ERROR OC fetch error JUBLFOOD-I: name 'requests' is not defined
2025-10-03 14:48:38,311 ERROR OC fetch error KALYANKJIL-I: name 'requests' is not defined
2025-10-03 14:48:38,312 ERROR OC fetch error KEI-I: name 'requests' is not defined
2025-10-03 14:48:38,312 ERROR OC fetch error KAYNES-I: name 'requests' is not defined
2025-10-03 14:48:38,313 ERROR OC fetch error KOTAKBANK-I: name 'requests' is not defined
2025-10-03 14:48:38,314 ERROR OC fetch error KFINTECH-I: name 'requests' is not defined
2025-10-03 14:48:38,314 ERROR OC fetch error KPITTECH-I: name 'requests' is not defined
2025-10-03 14:48:38,314 ERROR OC fetch error LAURUSLABS-I: name 'requests' is not defined
2025-10-03 14:48:38,315 ERROR OC fetch error LICI-I: name 'requests' is not defined
2025-10-03 14:48:38,316 ERROR OC fetch error LICHSGFIN-I: name 'requests' is not defined
2025-10-03 14:48:38,316 ERROR OC fetch error LT-I: name 'requests' is not defined
2025-10-03 14:48:38,316 ERROR OC fetch error LODHA-I: name 'requests' is not defined
2025-10-03 14:48:38,318 ERROR OC fetch error LTIM-I: name 'requests' is not defined
2025-10-03 14:48:38,319 ERROR OC fetch error LTF-I: name 'requests' is not defined
2025-10-03 14:48:38,319 ERROR OC fetch error LUPIN-I: name 'requests' is not defined
2025-10-03 14:48:38,320 ERROR OC fetch error MANAPPURAM-I: name 'requests' is not defined
2025-10-03 14:48:38,320 ERROR OC fetch error M&M-I: name 'requests' is not defined
2025-10-03 14:48:38,322 ERROR OC fetch error MANKIND-I: name 'requests' is not defined
2025-10-03 14:48:38,323 ERROR OC fetch error MARUTI-I: name 'requests' is not defined
2025-10-03 14:48:38,323 ERROR OC fetch error MAXHEALTH-I: name 'requests' is not defined
2025-10-03 14:48:38,324 ERROR OC fetch error MARICO-I: name 'requests' is not defined
2025-10-03 14:48:38,325 ERROR OC fetch error MAZDOCK-I: name 'requests' is not defined
2025-10-03 14:48:38,325 ERROR OC fetch error MCX-I: name 'requests' is not defined
2025-10-03 14:48:38,327 ERROR OC fetch error MPHASIS-I: name 'requests' is not defined
2025-10-03 14:48:38,329 ERROR OC fetch error MOTHERSON-I: name 'requests' is not defined
2025-10-03 14:48:38,330 ERROR OC fetch error MFSL-I: name 'requests' is not defined
2025-10-03 14:48:38,330 ERROR OC fetch error MUTHOOTFIN-I: name 'requests' is not defined
2025-10-03 14:48:38,330 ERROR OC fetch error NATIONALUM-I: name 'requests' is not defined
2025-10-03 14:48:38,331 ERROR OC fetch error NAUKRI-I: name 'requests' is not defined
2025-10-03 14:48:38,331 ERROR OC fetch error NBCC-I: name 'requests' is not defined
2025-10-03 14:48:38,332 ERROR OC fetch error NCC-I: name 'requests' is not defined
2025-10-03 14:48:38,332 ERROR OC fetch error NESTLEIND-I: name 'requests' is not defined
2025-10-03 14:48:38,333 ERROR OC fetch error NHPC-I: name 'requests' is not defined
2025-10-03 14:48:38,334 ERROR OC fetch error NMDC-I: name 'requests' is not defined
2025-10-03 14:48:38,334 ERROR OC fetch error NTPC-I: name 'requests' is not defined
2025-10-03 14:48:38,335 ERROR OC fetch error NUVAMA-I: name 'requests' is not defined
2025-10-03 14:48:38,335 ERROR OC fetch error NYKAA-I: name 'requests' is not defined
2025-10-03 14:48:38,337 ERROR OC fetch error OBEROIRLTY-I: name 'requests' is not defined
2025-10-03 14:48:38,338 ERROR OC fetch error OFSS-I: name 'requests' is not defined
2025-10-03 14:48:38,338 ERROR OC fetch error OIL-I: name 'requests' is not defined
2025-10-03 14:48:38,339 ERROR OC fetch error ONGC-I: name 'requests' is not defined
2025-10-03 14:48:38,340 ERROR OC fetch error PAGEIND-I: name 'requests' is not defined
2025-10-03 14:48:38,341 ERROR OC fetch error PATANJALI-I: name 'requests' is not defined
2025-10-03 14:48:38,342 ERROR OC fetch error PAYTM-I: name 'requests' is not defined
2025-10-03 14:48:38,343 ERROR OC fetch error PERSISTENT-I: name 'requests' is not defined
2025-10-03 14:48:38,344 ERROR OC fetch error PETRONET-I: name 'requests' is not defined
2025-10-03 14:48:38,344 ERROR OC fetch error PFC-I: name 'requests' is not defined
2025-10-03 14:48:38,344 ERROR OC fetch error PGEL-I: name 'requests' is not defined
2025-10-03 14:48:38,345 ERROR OC fetch error PHOENIXLTD-I: name 'requests' is not defined
2025-10-03 14:48:38,345 ERROR OC fetch error PIDILITIND-I: name 'requests' is not defined
2025-10-03 14:48:38,346 ERROR OC fetch error PIIND-I: name 'requests' is not defined
2025-10-03 14:48:38,347 ERROR OC fetch error PNB-I: name 'requests' is not defined
2025-10-03 14:48:38,347 ERROR OC fetch error PNBHOUSING-I: name 'requests' is not defined
2025-10-03 14:48:38,348 ERROR OC fetch error POLICYBZR-I: name 'requests' is not defined
2025-10-03 14:48:38,349 ERROR OC fetch error POWERGRID-I: name 'requests' is not defined
2025-10-03 14:48:38,350 ERROR OC fetch error POLYCAB-I: name 'requests' is not defined
2025-10-03 14:48:38,351 ERROR OC fetch error PPLPHARMA-I: name 'requests' is not defined
2025-10-03 14:48:38,352 ERROR OC fetch error RBLBANK-I: name 'requests' is not defined
2025-10-03 14:48:38,353 ERROR OC fetch error PRESTIGE-I: name 'requests' is not defined
2025-10-03 14:48:38,354 ERROR OC fetch error RECLTD-I: name 'requests' is not defined
2025-10-03 14:48:38,354 ERROR OC fetch error RELIANCE-I: name 'requests' is not defined
2025-10-03 14:48:38,355 ERROR OC fetch error RVNL-I: name 'requests' is not defined
2025-10-03 14:48:38,356 ERROR OC fetch error SAIL-I: name 'requests' is not defined
2025-10-03 14:48:38,356 ERROR OC fetch error SBICARD-I: name 'requests' is not defined
2025-10-03 14:48:38,357 ERROR OC fetch error SBILIFE-I: name 'requests' is not defined
2025-10-03 14:48:38,357 ERROR OC fetch error SBIN-I: name 'requests' is not defined
2025-10-03 14:48:38,358 ERROR OC fetch error SHREECEM-I: name 'requests' is not defined
2025-10-03 14:48:38,359 ERROR OC fetch error SHRIRAMFIN-I: name 'requests' is not defined
2025-10-03 14:48:38,360 ERROR OC fetch error SIEMENS-I: name 'requests' is not defined
2025-10-03 14:48:38,360 ERROR OC fetch error SONACOMS-I: name 'requests' is not defined
2025-10-03 14:48:38,360 ERROR OC fetch error SRF-I: name 'requests' is not defined
2025-10-03 14:48:38,360 ERROR OC fetch error SOLARINDS-I: name 'requests' is not defined
2025-10-03 14:48:38,361 ERROR OC fetch error SUPREMEIND-I: name 'requests' is not defined
2025-10-03 14:48:38,362 ERROR OC fetch error SUNPHARMA-I: name 'requests' is not defined
2025-10-03 14:48:38,363 ERROR OC fetch error SYNGENE-I: name 'requests' is not defined
2025-10-03 14:48:38,363 ERROR OC fetch error SUZLON-I: name 'requests' is not defined
2025-10-03 14:48:38,364 ERROR OC fetch error TATACONSUM-I: name 'requests' is not defined
2025-10-03 14:48:38,364 ERROR OC fetch error TATAMOTORS-I: name 'requests' is not defined
2025-10-03 14:48:38,365 ERROR OC fetch error TATAELXSI-I: name 'requests' is not defined
2025-10-03 14:48:38,365 ERROR OC fetch error TATAPOWER-I: name 'requests' is not defined
2025-10-03 14:48:38,366 ERROR OC fetch error TATASTEEL-I: name 'requests' is not defined
2025-10-03 14:48:38,367 ERROR OC fetch error TATATECH-I: name 'requests' is not defined
2025-10-03 14:48:38,368 ERROR OC fetch error TECHM-I: name 'requests' is not defined
2025-10-03 14:48:38,369 ERROR OC fetch error TCS-I: name 'requests' is not defined
2025-10-03 14:48:38,369 ERROR OC fetch error TIINDIA-I: name 'requests' is not defined
2025-10-03 14:48:38,371 ERROR OC fetch error TITAGARH-I: name 'requests' is not defined
2025-10-03 14:48:38,371 ERROR OC fetch error TITAN-I: name 'requests' is not defined
2025-10-03 14:48:38,372 ERROR OC fetch error TORNTPHARM-I: name 'requests' is not defined
2025-10-03 14:48:38,373 ERROR OC fetch error TORNTPOWER-I: name 'requests' is not defined
2025-10-03 14:48:38,373 ERROR OC fetch error TRENT-I: name 'requests' is not defined
2025-10-03 14:48:38,373 ERROR OC fetch error TVSMOTOR-I: name 'requests' is not defined
2025-10-03 14:48:38,374 ERROR OC fetch error ULTRACEMCO-I: name 'requests' is not defined
2025-10-03 14:48:38,375 ERROR OC fetch error UNITDSPR-I: name 'requests' is not defined
2025-10-03 14:48:38,376 ERROR OC fetch error UNOMINDA-I: name 'requests' is not defined
2025-10-03 14:48:38,376 ERROR OC fetch error UPL-I: name 'requests' is not defined
2025-10-03 14:48:38,377 ERROR OC fetch error VBL-I: name 'requests' is not defined
2025-10-03 14:48:38,377 ERROR OC fetch error VEDL-I: name 'requests' is not defined
2025-10-03 14:48:38,378 ERROR OC fetch error VOLTAS-I: name 'requests' is not defined
2025-10-03 14:48:38,379 ERROR OC fetch error WIPRO-I: name 'requests' is not defined
2025-10-03 14:48:38,379 ERROR OC fetch error ZYDUSLIFE-I: name 'requests' is not defined
2025-10-03 14:48:38,379 ERROR OC fetch error PNBHOUSING-I: name 'requests' is not defined
